Programs Pages,,,,,,,,,,,,,,,,,,,,,,,,,,,,,,,,,,,,,,,,,,
,STEM,STEM,STEM,STEM,STEM,STEM,STEM,Life Skills,Life Skills,Life Skills,Life Skills,Visual Arts,Visual Arts,Visual Arts,Visual Arts,Visual Arts,Visual Arts,Performance,Performance,Performance,Media Arts,Media Arts,Media Arts,Media Arts,Athletics,Athletics,Athletics,Athletics,Athletics,Athletics,Athletics,Athletics,Athletics,Music,Music,Music,Music,Kindergarten,Kindergarten,Kindergarten,Kindergarten,Kindergarten
,/chess-extraed/,,/coding/,/lego-extraed/,/lego-robotics/,/minecraft/,/science-extraed/,/money-managers/,/entrepreneurship/,/safe-and-sound-on-your-own/,/wilderness-explorers/,/drawing-sketching/,/mixed-media-art/,/comic-book-art/,/art-extraed/,/crafting-extraed/,/sewing/,/magic/,/magic/,/drama/,/stop-motion-animation/,/short-video-creation/,/digital-art/,/video-game-design/,/multi-sports/,/yoga/,/basketball/,/soccer/,/ultimate-frisbee/,/pickleball/,/martial-arts/,/badminton/,/gymnastics/,/guitar/,/ukulele/,/music-club/,/piano/,/kindergarten-science/,/kindergarten-chess/,/kindergarten-arts-crafts/,/kindergarten-drama/,/kindergarten-multi-sport/
Club title,Chess,Chess for STEM and SEL/Échecs pour STIM et AS,Coding,LEGO®,LEGO® Robotics,Minecraft: Education,Science,Money Managers,Entrepreneurship,Safe and Sound On Your Own,Wilderness Explorers,Drawing and Sketching,Mixed Media Art,Comic Book Art,Art,Crafting,Sewing,Magic,Musical Theatre,Drama,Stop Motion Animation,Short Video Creation,Digital Art,Video Game Design,Multi-Sport,Yoga,Basketball,Soccer,Ultimate Frisbee,Pickleball,Martial Arts,Badminton,Gymnastics,Guitar,Ukulele,Music Club,Piano,Kindergarten Science,Kindergarten Chess,Kindergarten Arts & Crafts,Kindergarten Drama,Kindergarten Multi-Sport
Tagline,Pawn to King 4.,Bringing chess to the classroom.,>>> print(‘Hello World!’),Building is better with friends.,"Nimble fingers, nimble minds.",The total brain workout!,Actions and reactions.,Tools for your financial future.,It's never too early to start your start up.,Resiliance through self-reliance.,Survival skills start here.,Ready your pencils.,Imagination on display.,Adventure awaits.,The world is your canvas.,"Busy hands, happy minds.",Follow the thread.,And for our next trick…,Calling all triple-threats!,Step into the spotlight.,"Telling stories, frame-by-frame.","Lights, camera, action!","Painting pictures, pixel-by-pixel.",Ready player one.,Drop that screen and break a sweat.,It’s never too early for sun salutations.,Nothing but net.,Come play the beautiful game.,Elevate your game.,"Dink, Dive, and Smash!",Kickstart confidence.,Rackets at the ready.,"Bend, balance and shine.",Are you ready to rock?!! (on acoustic guitar),"Little hands, big songs.","And a one, and a two…",Starting at middle C…,Actions and reactions.,Make your opening move.,Time to roll up your sleeves and don your smock!,All the world’s a stage…,Break a sweat and have some fun.
Blurb 1 title,Cognitive benefits.,Learning through chess.,Follow the logic.,Teamwork.,Build as a team.,Crafting knowledge.,Get experimental.,Financial literacy.,Get the basics.,Home alone.,Ready for anything.,Have fun with it.,Discover new potential.,Design characters.,Learn new techniques.,Learn new skills.,Hand stitching.,Conjure up confidence.,Sing a story.,Listen closely.,Making art that moves.,Direct the action.,Intro to digital images.,Bring your ideas to life.,Let's get moving.,Strengthen and lengthen.,Sharpen you skills.,Skills Training,Keep fit.,Hone your skills.,Mix it up.,Refine Your Skills.,Splits and scissor kicks.,Play right away.,Move those fingers.,Music play.,The language of music.,Get experimental.,Welcome to chess.,Hands-on art.,The art of play.,Get those bodies moving.
Blurb 1,"The benefits of chess are myriad. For novices learning the basics to experts practicing for chess competition, our program improves problem-solving, pattern recognition, and strategic thinking.","This program approaches crucial mathematical, scientific, and social emotional learning concepts through the game of chess. We use demonstration, storytelling, and a variety of original educational materials that ensure accessibility for each student.",Students are introduced to the basic logic and principles of programming. They build familiarity with these concepts through fun and simple exercises following ordered sets of commands,"Group builds are more fun. Our LEGO program fosters a cooperative building environment where children learn to communicate effectively, share ideas, and work together towards a common goal.","Working in groups, students tackle each LEGO robotics build together. They make a plan, assign roles among their team, and follow step-by-step instructions to completion.","Experience learning like never before with Minecraft: Education Edition. From building structures to exploring ecosystems, this program draws on hundreds of lessons created by educators around the world.","Whether observing bubbles to understand surface tension, or visualizing how sound waves reverberate using lengths of string, we unravel complex concepts with fun and illustrative weekly experiments.","From basics like spending and savings, to advanced concepts like investment vehicles and compound interest, we give students the foundational financial principles they need to plan for their futures.","We introduce fundamental concepts in financial literacy, business structure, and funding models, giving students a solid base of basic business knowledge and terminology to work from.","Being independent requires responsibility and critical thinking. Through games and roleplay activities, our participants will learn to anticipate, react to, or rectify common home-alone challenges.","From knot-tying to shelter-building, kids develop essential survival techniques that spark independence, encourage resilience, and build confidence through creative, hands-on challenges.","With open-ended weekly activities and drawing challenges, our program encourages students to integrate their personal drawing interests into their work and to draw what they love.",Our students learn through both technical lessons and hands-on exploration—fostering their imaginations as they discover the potential of manipulating and combining different media.,"Students begin by exploring techniques to create fun and expressive characters. Reflective of their own interests, students consider: What does this character like? What do they do? What do they want?","From week-to-week we introduce a variety of artistic mediums. Our students practice pencil sketching, collage, watercolour, 2D sculpting, and many other imaginative avenues for image making.","Our program teaches a variety of activities that are useful, creative, and fun. With weekly projects in knitting, paper quilting, embroidery, and more, students build a host of new crafting skills.","Our budding fashion designers start with the basics: a needle and thread. They build hand-eye coordination, concentration, and fine-motor skills—one stitch at a time.",With a little patience and perseverance our students quickly begin to surprise themselves.  Tricks once thought difficult and mysterious become achievable and fun. Confidence appears out of nowhere.,"Our program builds the skills necessary to connect music with story. Pitch, tone and breathing fundamentals are complemented by lessons in interpreting lyrics and conveying the meaning of a song.","Whether developing a character, acting out a scene, or just observing the world at large, listening is a vital dramatic skill. We actively develop this skill through specific exercises and ensemble work.","Using pen, paper, camera and clay, participants learn the basics of stop motion. They delight in seeing their own animations spring to life as they test their patience, planning and creativity.","Making a great video takes more than just hitting record. We start our program by introducing students to the power of scripting, directing, and editing to make content that stands above the rest.","Starting with basic tools, students are introduced to digital painting software where they experiment with art techniques already familiar to them in analog mediums.","Students will turn creative ideas into playable video games using the Scratch platform. They’ll design characters, code simple game mechanics, and be introduced to the exciting world of game development.","Physical activity is the name of the game. Each class we follow a routine of warm ups, stretching, drills, and a friendly match in that day’s featured sport.","Physical activity is essential to a healthy lifestyle. Our instructors guide students through series of yoga poses that build strength, develop flexibility and improve posture.","From dribbling to shooting to ball movement, our coaches provide comprehensive training in all aspects of the sport. Students gain confidence and proficiency as they take their game to new heights.","Players engage in a range of skill-building activities, including passing, shooting, and ball control. Our dedicated coaches help players refine their technique and become more confident on the field.","Ultimate Frisbee is a dynamic sport. Through high-energy drills and fast-paced gameplay our program enhances coordination, endurance, and overall fitness levels.","From paddle control to shot accuracy, our coaches offer comprehensive training in all aspects of the sport. Participants will gain confidence and proficiency as they elevate their games.","Our multidisciplinary program incorporates techniques from various styles (including karate, taekwondo and aikido) that are geared to building strength, flexibility, and discipline—all while having fun!","Our coaches provide comprehensive training across all aspects of badminton, from basic shot-making to on-court agility. Participants become more proficient, confident and skilled.","We focus on core skills such as balance and coordination to learn basic rolls, cartwheels, and handstands. In our fun and supportive environment students develop strength, flexibility, and confidence!","Between warm up exercises, strumming and picking techniques, and simple chord formation students jump right into the fun of making music from their very first lesson.","Ideally suited to young hands, playing the ukulele fine tunes fine-motor skills. Our students practice strumming, picking, and chord formation as they progress from simple exercises to playing full songs.","In an encouraging environment that stresses fun and play, this program introduces students to the fundamentals of music-making and song using their voices, hands, and percussive instruments.","This program offers a delightful introduction to the piano and the fundamentals of music. Participants learn how time, rhythm, pitch and dynamics all combine to form the music around us.","Whether observing bubbles to understand surface tension or visualizing how sound waves reverberate using lengths of string, we unravel complex concepts with fun and illustrative weekly experiments.","With the aim of blending fun, education, and character development, our program introduces young players to the key foundational aspects of the game—starting with taking turns!","Our program focuses on projects that engage the playful and tactile aspects of creativity. Students hone their fine motor skills as they mix colours, glue materials and build with their hands.","With activities that blend imaginative play into drama-based games and exercises, our participants learn acting and storytelling skills in a setting that prizes fun, communication, and teamwork.","The focus of our program is physical engagement. Participants get active through warm-ups, skill-building drills, and a friendly game of the day's highlighted sport."
Blurb 2 title,Chess skills are life skills.,Seeing a new perspective.,Modify the code.,Hands-on learning.,Bring robots to life.,Boundless creativity.,The scientific method.,Empowered decision making.,Find the opportunity.,Street smarts.,Reading the wild.,Learn new skills.,Surprise yourself.,Tell a story.,Explore your creativity.,Follow a plan.,Work with patterns.,Think differently.,Act it out.,Step out of your comfort zone.,Claymation creations.,You and your crew.,"Emojis, you asked?",Code your own games!,Drills and skills.,Creative practice.,Work together.,Tactical Awareness.,Have fun.,Team up.,The strength within.,Play like a team.,Build on fundamentals.,Learn at your own pace.,Join the band.,Catch the rhythm.,Acoustic awareness.,The scientific method.,Every piece a story.,Materials at play.,Step into character.,Skills development.
Blurb 2,"Chess study has many merits away from the board. Our students exercise the cognitive skills of focus, patience, and decision-making, as well as the interpersonal skills of respect and sportsmanship.","Illustrating curriculum concepts, such as pattern recognition or spacial reasoning, from a chess-based perspective gives students unique and memorable way to grasp these concepts. This novel approach brings ideas to light in ways that may better suit a broader range of leaning styles.","Next, we dig deeper as students add some personal flair by editing their code. With some trial-and-error along the way, they customize sprites, alter images, and add their own stories as text.","By manipulating Lego bricks, kids enhance their fine motor skills, spatial awareness, and hand-eye coordination. They learn through trial and error, developing patience and persistence along the way.",Students are challenged with programming various motors to operate their robots. Problem-solving skills are put to test as students troubleshoot the task of springing their creations into action.,"Minecraft provides an expansive digital hub in which participants build, explore, and learn in an immersive, pixelated world. Our program fosters creativity, critical thinking, and a love for knowledge.","What shapes make strong structures? What happens when we mix these? What grows in a terrarium? To answer these questions (and more) these students learn to employ hypothesis, observation and analysis.","Financial decisions can be daunting. Our lessons and activities are designed to show the long-term cost/benefit of these choices, helping students take control as they reach for their financial goals.","Through exciting activities and engaging exercises our instructors foster an entrepreneurial spirit. They encourage students to think creatively, generate innovative ideas, and to take risks.","Our program teaches practical lessons in situational awareness, street and bike safety, and confident self-expression to help young pedestrians learn to navigate their surroundings independently.","Explorers learn to recognize bird calls, find and follow tracks, and read the clouds to predict weather patterns—developing curiosity, attentiveness, and a stronger connection to the natural world around them.","Through both group demonstrations and individual instruction, our program covers a variety of interesting and accessible drawing techniques that yield exciting results.","Inventiveness is the order of the day in our mixed media program. We foster experimentation and playful expression, relishing the artistic surprise of unexpected “happy-accidents.”","Through pictures and words our students' characters come alive in their own worlds. We explore storytelling using humour, action, mystery and drama as each student tells a tale as unique as they are.","Students will engage in various approaches to colour, style, abstraction and representation as they explore their own interests and make unexpected artistic discoveries.","Crafting disciplines demand forethought and patience. Our activities help students learn to make a plan, keep focused on the task at hand, and problem-solve when obstacles arise.","Choosing a project from design patterns of shirts, skirts, stuffed animals and more, students learn the basics of working with patterns, understanding their notation, and applying order of operations.","Magic tricks employ misdirection, deception, and sleight-of-hand. Analyzing a trick and learning how to perform it exercises critical thinking and problem solving—both vital to the study of magic.","Our instructors use scene work and rehearsals to guide students through techniques for conveying the dramatic intent of a scene, such as expression, gestures, blocking, and vocal inflection.","With supportive guidance, our students work together to get comfortable in front of the group, build trust in fellow performers, and develop a self-confidence that carries beyond the stage.",Modelling clay is an ideal material for beginners and experts alike. Our program teaches how to craft clay characters for animation and how to manipulate them shot-by-shot as we create movie magic.,"Teamwork is vital to our program. Whether they are acting, shooting, making props, or assisting each other, every student learns to work on a crew in order to bring each of their projects to life.","Once comfortable with digital painting basics, students are taught a pixel-art program where they use paint tools and layers to make their own custom emojis, icons and characters.","Through hands-on activities, students will explore essential coding concepts like motion, events, loops, and variables. Each week, they’ll build new skills and apply them to their own game projects.","Build concentration and coordination with sport-specific skill exercises such as passing drills for soccer or basketball dribbling challenges, each particular to that day’s sport.","Whether expressing playful themes, inventing student-led yoga games, or participating in cross-curriculum activities such as art or storytelling, we always incorporate creativity and fun to our practice.","Teamwork is vital to basketball success. We focus on building the communication skills, camaraderie, and trust necessary to thrive on (and off) the court.","Our students improve their understanding of positioning, movement off-the-ball, and effective communication on the pitch, enabling them to make smarter decisions during game situations.","While emphasizing the need for teamwork, effective communication, and fair play, our instructors ensure that laughter and enjoyment are always central to our students’ experience.","Teamwork is fundamental to pickleball success. Our drills and practice sessions emphasize communication, camaraderie, and trust-building to excel on the court.","In martial arts, confidence is key. Our drills and game-based activities emphasize effective communication, assertiveness, and self-discipline to build a foundation for lasting confidence and inner strength.","In doubles badminton, teamwork is paramount. We place a strong emphasis on fostering effective communication, building team spirit, and establishing trust on (and off) the court.","As they progress past the basics, participants are instructed in a variety of skills, including star jumps, half turns, tuck jumps, cartwheels, and handstands—all in a safe and positive setting.","Since we have students with a range of playing skills our instructors have them work in parallel, with each student practicing songs and exercises appropriate to their abilities.","While our students each progress at their own pace, based on age and experience level, we always make time to play as a group, so that everyone shares in the joy of making music together.","With triangles, maracas, and castanets in hand, students are taught to find the rhythm of a song and play along. They hone their listening and focus skills as they keep in time and play as a group.","Students navigate finger, arm, and body positions with precision as they work towards creating beautiful melodies. They develop better listening skills and a keen sense of focus in their harmonious explorations.","What shapes make strong structures? What happens when we mix these? What grows in a terrarium? To answer these questions (and more) these students learn to employ hypothesis, observation and analysis.","We teach the roles of each chess piece in an inventive, kindergarten-relatable fashion. Through a combination of imaginative stories, dramatic play, and hands-on practice students will learn movement, positioning and strengths.","Markers, paints, glues, cardboard, paper, pipe cleaners, yarn, recycled objects: they all find their way into our projects as we explore a variety of materials in novel and inventive ways.","Together, participants play and develop different characters—including those from favourite books or shows—giving them the opportunity to explore and convey emotions and practice self-expression.",Improve focus and coordination through sport-specific exercises like soccer passing drills or basketball dribbling challenges—each tailored to the sport of the day.
Blurb 3 title,Grow your game with us.,Problem solving in action.,Run program.,Creative exploration.,Invent it yourself.,Game-based learning.,Discovery is everywhere.,Lessons that last.,Make your pitch.,Online safety.,Finding your way.,Blank pages beware.,Unleash your creativity.,Make your own book.,Build lasting skills.,Reach your goal.,Add some flair.,It’s showtime.,Add dance to the drama.,Express yourself.,Creative team building.,Telling stories.,Bringing it all together.,"Create, play, and share.",Inclusive activities.,Focus on your breath.,Keep it fun.,Physical fitness.,Make new friends.,Have a blast.,Defend yourself.,Enjoy the Journey.,Tumbling into routines.,Get individual attention.,Get individual instruction.,Find your voice.,Build musical bonds.,Discovery is everywhere.,Games within a game.,Create together.,Making a story.,Inclusive fun.
Blurb 3,"Our students build their skillsets from term to term. As such, we do not repeat specific lessons within a school year. Instead, we find fresh and exciting methods to explore the main themes of the game.","Science and chess share in common the need for problem solving and probabilistic thinking. As students engage in individual challenges, small group work, and student-to-student games, they are able to apply these concepts they are learning directly to the practicalities of the game at hand.","Adding the power of loops, conditions, and other programming tools students complete their own simple games and fun exercises.","Building with LEGO bricks encourages children to think critically, problem-solve, and express unique ideas. We aim to foster a sense of imagination and empower children to bring their visions to life.","Building from the instructions is only half the fun. Once familiar with the functions and logic of their LEGO kits, students engage their creative minds as they invent original creations.","Participants hone their 21st century skills as they merge gaming excitement with educational exploration. In this dynamic environment they delve into subjects as diverse as STEM, history, coding, and language arts.","From many different branches of science—the physics of flight, the chemistry of photosynthesis, the biology of terrarium life—we connect students with the scientific workings of the world around them.","With engaging, easy-to-understand visual presentations, and activities with personal stakes, such as our “Net Worth Tournament,” we turn a subject that might otherwise be dull into one that is memorable and inspiring.",Pitches and presentations are integral to our program. Students will put their communication and leadership skills to the test in a constructive and positive environment.,"Through a series of engaging, game-based activities, we teach kids how to engage with online games, shops, and chats safely—building awareness of phishing, cyberbullying, and other online risks.","With maps, compasses, and even homemade sundials, students build navigation skills while learning how to prepare and adapt—tools that foster self-reliance, empowerment and critical thinking.","We always have ample paper on hand because our students draw non-stop. By program’s end they will each have a folder of their work, brimming with art to feel proud of.","With the opportunity to mix media in innumerable and creative ways, students are able to discover unique expressions of their creativity, bounded only by their own imaginations.","With an eye to creating expressive dialogue and descriptive visuals, we aim for each student to complete their own original comic book—so clear some space on your bookshelves!","With clear technical instruction, and inspiring approaches to art, our instructors equip participants with new skills and ideas that can be applied well beyond the end of our program.",Our students see their projects through to completion. Tying-off the final knot of an intricate bracelet or unfolding a delicate origami crane always brings satisfaction and a sense of accomplishment.,"Our instructors demonstrate embroidery, creative fabric uses, and pattern modification all as ways for students to customize their projects and give them a personal touch.","We provide a variety of opportunities for students to perform their magic. As the develop unique routines they learn to present themselves effectively, communicate clearly, and engage with others.","As they work towards their ensemble piece, students introduce movement and dance to their performance. They work both from their own improvised movements and from group choreography.","Through a variety of exercises in voice, movement, and expression, our students develop the tools to express their unique performance abilities—often unlocking skills they didn’t even know they had.","Animation takes a lot of teamwork. While collaborating on more complex projects participants learn to animate their characters, props and scenes as a group—creating more complex and rewarding work.",Telling stories in a time-based medium is not as easy as it looks. Students will put their communication skills to they test as they bring their footage together into artfully-crafted final projects.,"Students integrate digital drawings, pixel-art, and photographs together using image-editing software. This fun, experimental experience lets them explore the possibilities of digital art.","By the end of the program, students will have created their very own video games. They’ll share their creations with classmates and can continue to access their games in their Scratch accounts from home.","During games, our encouraging instructors place emphasis on participation and sportsmanship. We play hard, but winning and losing take a backseat to fair play and teamwork.","Our program offers a peaceful respite from the hectic day. By connecting with their breath, students improve their focus and hone their concentration skills—benefits that carry beyond the mat.","Our program fosters a supportive environment for every child. With engaging activities, friendly competitions, and positive energy, we ensure that every session is filled with laughter and joy.","Playing soccer requires a strong athletic foundation. We incorporate age-appropriate warm-ups, drills, and conditioning exercises to enhance participants' speed, endurance, and overall fitness.",Camaraderie and friendship vital to the experience of ultimate Frisbee. Our class provides an ideal environment for kids to building lasting bonds with others who share their passion for the sport.,"Our program creates a supportive atmosphere for every player. Through engaging activities, friendly matches, and positive vibes, we ensure that each session is filled with laughter and enjoyment.","We teach practical self-defense techniques that empower participants to protect themselves and others. They develop skills to stay fit, focused and ready for any challenge that comes their way.","Our program creates a nurturing environment for every participant. Our activities and games are played in a positive atmosphere, ensuring that each session is filled with laughter and enjoyment.","Gymnastics routines develop patience, endurance and body awareness. Our instructors teach various techniques used to link series of foundational moves into progressively more challenging and rewarding routines.","Our instructors are mindful to take time with each student to assess their skill level, instil correct technical habits, and find just the right songs to engage their musical tastes.","Our instructors take time with each student to assess their skill level, offer individual feedback, promote good technical habits, and find the right songs to engage their musical tastes.","Using a leader-and-callback stye instructors and students practice connecting words and songs. Students gain confidence as they explore melody, learn to sing in unison and perform with joy.",Lasting connections are forged through the shared language of music. As young talents collaborate in a supportive group setting they foster camaraderie and a shared love of musical expression.,"From many different branches of science—the physics of flight, the chemistry of photosynthesis, the biology of terrarium life—we connect students with the scientific workings of the world around them.","Breaking down the game into smaller, more digestible activities, we use exercises and puzzles to teach concepts such as attacking with diagonal movements or how to position multiple pieces in concert with each other.","Our instructors foster an environment for positive social interactions. Students have fun as they interact with their peers, share their work with the group, or work together on collaborative projects.","As play becomes more performative, participants practice storytelling through movement, sounds, and words. Cooperation and listening skills are on display as they share ideas and tell stories together.","During games, our supportive instructors encourage participation and sportsmanship. Fairness and teamwork are our top priorities, with winning and losing taking a backseat to fun."
Themes title,,,,,,,,,,,,,,,,,,,,,,Editing Platform.,Software platforms.,No prior coding experience needed!,Focus on fun.,No experience necessary.,All skill levels welcome!,All skill levels welcome!,All skill levels welcome!,All skill levels welcome!,All skill levels are welcome!,All skill levels welcome!,All skill levels welcome!,Take your guitar home with you.,Take your ukulele home with you.,Kindergarten focus.,Take your keyboard home with you.,,,,,
Themes body,,,,,,,,,,,,,,,,,,,,,,"Our program uses Clip Champ, a free, online video-editing software that is intuitive and easy to learn. Student work is stored on the cloud to allow for access outside of class.","Our program uses three, easy-to-learn, online software platforms: Procreate for digital painting, Pixil, a ""pixel-art"" maker, and Photopea, a photo-editing program.",This program is designed for beginners. All students need is an email address to save their Scratch projects. Instructors will guide them step-by-step.,"Our instructors are mindful to divide class games into like-aged or like-experienced groups so that everyone feels included in the fun, regardless of skill level.","No matter your experience level, there’s room for everyone in our yoga program. From absolute beginners to experienced practitioners, we ensure students can work at their own pace in a supportive and welcoming environment.",Our course is designed to accommodate a wide range of skill levels. Instructors are mindful to divide drills and games into like-aged or like-skilled groups so that everyone has the opportunity to improve their abilities and be included in the fun.,Our course is designed to accommodate a wide range of skill levels. Instructors are mindful to divide small-side games into like-aged or like-skilled groups so that everyone has the opportunity to improve their abilities and be included in the fun.,"Whether your child is a beginner or already has some burgeoning Frisbee talents, they'll have a blast learning new skills, honing their abilities, and experiencing the joy of this fast-paced sport.",Our program accommodates diverse skill levels. Instructors carefully arrange drills and games by age and ability to ensure skill enhancement and enjoyable participation for all.,"Whether your child is a beginner or has prior experience, our program is designed for all skill levels. Each child progresses at their own pace in a supportive, non-competitive environment led by expert instructors.","Our program is designed to cater to various skill levels. Instructors take care to organize drills and games based on participants' age and skill, ensuring that everyone can enhance their skills and participate in the enjoyment","Our instructors are mindful to tailor their instruction to the skill level of our various participants, ensuring that both beginners and more experienced gymnasts will be in on the fun!",Extra Ed provides student-sized acoustic guitars with nylon strings to each participant. Between classes students take their instruments home to practice and serenade their families (serenade optional).,Extra Ed provides ukuleles with nylon strings to each student. Between classes students take their instruments home to practice and serenade their families (the serenade is optional).,"All our kindergarten programs are designed with age-appropriate curriculums that focuses on activity, play and exploration. Our kindergarten instructors in this program are experienced, patient and engaging for younger groups.",Extra Ed provides electric keyboards and sheet music to every student. Between classes students take their instruments home to practice on their own (or to jam with their families!).,,,,,
Key info - title,All skill levels welcome!,TDSB Partnership Program.,The platforms we use.,No instructions necessary.,Our robotics equipment.,Play in a safe space.,All experience levels welcome!,TDSB Partnership Program.,Social Responsibility.,All ages are welcome!,Scouting skills for all.,All skill levels welcome!,All skill levels welcome!,All skill levels welcome!,All skill levels welcome!,All skill levels welcome!,No experience necessary.,Magic is everywhere.,Final showcase video.,Final showcase video.,No experience necessary.,,,,,,,,,,,,,,,,,All experience levels welcome!,Chess etiquette.,Kindergarten focus.,Kindergarten focus.,All skill levels welcome!
Key info - body,We encourage participants from all experience levels. Our chess courses are grouped by like-skilled players so that instructors can deliver lessons and individual feedback appropriate to each and every player—from the newbie to the experienced competitor.,"Our chess course has been designed and approved to be delivered in-class, during instructional time. As a TDSB Partnership program, it supplements and supports specific outcomes from the Ontario Mathematics and Science & Technology Curricula. It is delivered at multiple grade levels. Learn more>","Dependent on level, our students either use block coding programs, such as Scratch or a standard programming language such as Python.","Our LEGO student program does not build from kits. We focus on open-ended-play, where inventiveness and imagination stem from students building without constraints. When every build is original, every build is more fun.","Dependent on student age, our program provides either LEGO Spike Essentials or LEGO Spike Prime robotics kits.","Participants explore in safe and secure environments, all generated within Minecraft: Education Edition. Personalized experiences and accessibility features ensure a positive and inclusive learning atmosphere for all.","Our course is designed to accommodate a wide range of students. Its experiments are clear, engaging and easy to follow for scientists of any age. More experienced groups analyze their findings in greater depth and discuss real life application of the scientific principles involved.","This program has been designed and approved to be delivered in-class, during instructional time. As a TDSB Partnership program, it supplements and supports specific outcomes from the Ontario Mathematics Curriculum. It is delivered to grades 4 through 6. Learn more>","Our program asks students to consider ethical and responsible entrepreneurship. We emphasize the importance of social responsibility, sustainability, and community-enhancing business practices.","In a fun and supportive setting, we cover safety topics applicable to a wide range of ages. Our activities are always scaled to suit the appropriate level of the students.","Either within a classroom setting or, weather permitting, out-and-about in the schoolyard and play-spaces, we tailor our scouting lessons to the particular age levels of our intrepid explorers.","Our art courses are designed to accommodate a wide range of skill levels, with projects that are open-ended and accessible. When applicable, our instructors will teach advanced techniques to more experienced students.","Our art courses are designed to accommodate a wide range of skill levels, with projects that are open-ended and accessible. When applicable, our instructors will teach advanced techniques to more experienced students.","Our art courses are designed to accommodate a wide range of skill levels. We design our projects to be open-ended and accessible. When applicable, our instructors may offer more advanced techniques to groups of more experienced students.","Our courses are designed to accommodate a wide range of skill levels. We design our projects to be open-ended and accessible. When applicable, our instructors may offer more advanced techniques to groups of more experienced students.","Our courses are designed to accommodate a wide range of skill levels. We design our projects to be open-ended and accessible. When applicable, our instructors may offer more advanced techniques to groups of more experienced students.","We tailor student projects to an appropriately complex pattern selection. There's room for everyone in this program, from complete newbies to seasoned stitchers.",The tricks our magicians teach require no special equipment. They are easily performed with everyday household items so that participants can recreate their burgeoning magic acts to dazzle friends and family.,"Our program culminates in a final showcase from our student ensemble. Chosen by the students from a selection of popular musicals, the performance is recorded for posterity and the video shared with participating families so they can partake in the fun.","Our program culminates in a final showcase from our student ensemble. Recorded for posterity, a video of the performance will be shared with participating families so they can partake in the fun.","We use a free, cloud-based animation platform. This intuitive program allows users of all ages to get started quickly and easily. Running directly in a web browser, it can be accessed anywhere allowing participants to continue to create at home.",,,,,,,,,,,,,,,,,"Our course is designed to accommodate a wide range of students. Its experiments are clear, engaging and easy to follow for scientists of any age. More experienced groups analyze their findings in greater depth and discuss real life application of the scientific principles involved.","Chess isn't just a game, it's a lesson in sportsmanship and resilience. Our kindergarten course introduces young players to chess with an emphasis on respect, fair play, and graceful behaviour—both on and off the board.","All our kindergarten programs are designed with age-appropriate curriculums that focuses on activity, play and exploration. Our kindergarten instructors in this program are experienced, patient and engaging for younger groups.","All our kindergarten programs are designed with age-appropriate curriculums that focuses on activity, play and exploration. Our kindergarten instructors in this program are experienced, patient and engaging for younger groups.","Our program is crafted to cater to various skill levels. Instructors ensure drills and games are grouped by age and skill, providing everyone with the chance to enhance their abilities and join the enjoyment."
Key info 2 - title,Extra Ed chess levels.,,Curriculum notes.,Curriculum notes.,Curriculum notes.,Curriculum notes.,Curriculum notes.,,,,,,,,,,,,,,,,,,,,,,,,,,,,,,,,,,,
Key info  2- body,"Based on skill and experience we designate each of our students an Extra Ed chess level: Pawn, Knight, Rook, Bishop, Queen or King. We use these levels to group students for instruction, track their progress, and pair them in chess tournaments.",,Lessons and exercises are built to introduce and practice the following concepts:,"Each week students are tasked with a new challenge or project, for instance:",Weekly exercises are focused on developing the following skills and knowledge:,"Appropriate to their age and abilities, students will be instructed in:","Appropriate to their age and capabilities we do weekly experiments in biology, physics, chemistry, and astronomy. Lessons may include:",,,,,,,,,,,,,,,,,,,,,,,,,,,,,,,,,,,
Key info 3 - title,Available as a TDSB Partnership Program.,,,,,,,,,,,,,,,,,,,,,,,,,,,,,,,,,,,,,,,,,
Key info  3- body,"To learn about our chess program that is delivered under the TDSB Partnership Program, please visit our Chess for STEM and SEL/Échecs pour STIM et AS page.",,,,,,,,,,,,,,,,,,,,,,,,,,,,,,,,,,,,,,,,,
Curriculum title,Curriculum notes.,Curriculum notes.,Abstract reasoning,Build the strongest bridge competition,Introduction to block-coding,Tutorials for basic game mechanics.,Building scale models of the solar system,Curriculum notes.,Curriculum notes.,Curriculum notes.,Curriculum notes.,Curriculum notes.,Curriculum notes.,Curriculum notes.,Curriculum notes.,Curriculum notes.,Curriculum notes.,Curriculum notes:,Curriculum notes.,Curriculum notes.,Curriculum notes.,Curriculum notes.,Curriculum notes.,Curriculum Notes:,Curriculum notes.,Curriculum notes.,Curriculum notes.,Curriculum notes.,Curriculum notes.,Curriculum notes.,Curriculum Notes :,Curriculum notes.,Curriculum Notes:,Curriculum notes.,Curriculum notes.,Curriculum notes.,Curriculum notes.,Curriculum notes.,Curriculum notes.,Curriculum notes.,Curriculum notes.,Curriculum notes.
Curriculum intro,Dependent on chess level and experience students may be instructed in:,"Appropriate to their grade level and working to specific outcomes defined by school curriculum, students may be instructed in:",Logical sequence,Collaborative team builds,The basic logic of programming,Building a simple house in Minecraft.,Observing photosynthetic reactions in plant leaves,"Appropriate to their grade level and working to specific outcomes defined by school curriculum, students may be instructed in:",Lessons and exercises introduce and practice the following concepts:,"Appropriate to their age and abilities, students may be instructed in:","Appropriate to their age and abilities, students may be instructed in:","Appropriate to their age and abilities, students may be instructed in:","Appropriate to their age and abilities, students may be instructed in:","Appropriate to their age and writing abilities, students may be instructed in:",Each week we create pieces based on in-class demonstrations. Lessons may include:,"Appropriate to their age and abilities, students may be instructed in:",Lessons cover all the skills needed to complete each student’s project. They include:,"Appropriate to their age and abilities, students may be instructed in:",Each week we create pieces based on in-class demonstrations. Lessons may include:,Each week we create pieces based on in-class demonstrations. Lessons may include:,"Appropriate to their age and abilities, students may be instructed in:",Our lessons cover video-creation from concept to completion. They include:,Lessons and exercises are built to introduce and practice the following concepts:,"Appropriate to their age and abilities, students may be instructed in:","Dependent on weather and school facilities, the following sports MAY be featured:","Appropriate to their age and experience, activities may include:","Appropriate to their age and abilities, students will be instructed in:","Appropriate to their age and abilities, students will be instructed in:","Appropriate to their age and abilities, students will be instructed in:","Appropriate to their age and abilities, students will be instructed in:","Appropriate to their age and experience, activities may include:","Appropriate to their age and abilities, students will be instructed in:","Appropriate to their age and abilities, students may be instructed in:","Appropriate to their age and abilities, students will be instructed in:","Appropriate to their age and abilities, students will be instructed in:","Each week students make music as a group, performing songs and exercises. Lessons may include:","Appropriate to their age and abilities, students will be instructed in:",Appropriate to their age and capabilities we do facinating and fun weekly experiments. Lessons may include:,"Appropriate to their abilities and familiarity with the game, students may be instructed in:",Each week students create a new piece based on an in-class demonstration. Lessons may include:,"Appropriate to their age and abilities, students may be instructed in:","Appropriate to their age and abilities, students will be instructed in:"
Curriculum body,"Level 1, Pawn: Introduction to the game; piece-movement; and capture.",Practicing positive motivation and perseverance in facing challenges on the chessboard.,Reading and changing numbers on the code,"Theme-based builds such as zoos, cities, parks, or dream homes",Pattern recognition with shapes and colour,Creative mode” exploration in a multiplayer setting.,Creating an eruption using simple substances,"An introduction to currency, savings, banks, and borrowing money",Financial literacy and business fundamentals,How to pack and store an emgerency kit.,How to tie knots.,Line work and shading techniques,Blending markers and water,Character design,Marker blending techniques using water and brushes,Paper quilting creations,"Hand stitching: running stitch, whip stitch, back stitch",Basic tricks and techniques,"Breathing techniques for pitch, tone and diction",Introductory exercises to get comfortable in front of the group,Using pen on paper to create a flip-book animation,"Saving, importing, exporting footage with Google Drive","Art fundamentals - line, shape, colour, form",Designing customized sprites.,Basketball,An introduction to foundational poses,Introduction to basketball fundamentals,Introduction to fundamental techniques,"Passing skills - forehands, flicks, doinks, dumps, and dishes",Basic skills and ball striking,Introduction to basic stances and techniques,Understanding the rules,Dynamic stretches and flexibility drills,Care and handling of the instrument,Care and handling of the instrument,Introduction to percussion and rhythm,Care and handling of the instrument,Using ballons to make rockets,Introduction to chess and basic movements.,Marker blending techniques using water and brushes,Collaborative games and drama activities,Soccer
,"Level 2, Knight: Introduction to checkmate; castling; and basic endgames.",Employing critical thinking in chess strategy to look beyond the obvious next move.,Drawing and editing a character's image digitally,Free build sessions,Logical sequencing to achieve a desired outcome,Pixel art creation for art enthusiasts.,Using string telephones to understand sound waves,"Spending and saving behaviours, credit cards and debt",Business structures and funding,How to adminster to basic first aid treatment.,How to pack and store an exploring kit.,Drawing backgrounds and details,Creating with foam shapes,Facial expressions and exclamations,Exploring ways to harness the richness of paint,Making friendship bracelets with embroidery floss,"Learning about fabrics: knits, weaves, velvets, fun furs and more",Showmanship and presentation,Emoting on stage through song and gesture,"Movement, body language, and stage presence",Introduction to animation software,"Editing fundamentals: timelines, sequences, sound, music, and credits",Digital painting and drawing skills,Making characters move and interact using events.,Soccer,"Age-reflective themes to incorporate into our poses, such as “jungle animals”",Drills to improve technical skill,Building technical skills,"Agility, footwork and flow",Serving and receiving,Enhancing spatial and body awareness through drills,Basic shots and techniques,Body awareness and alignment,Strumming and picking,Strumming and picking,"Learning to use instruments including shakers, bells, tambourines and castanets","Proper finger, arm, and body positioning",Creating weightbearing structures from a variety of recycable materials,"Piece-roles, characteristics and positioning.",Creating dream homes with cut foam shapes,Working as a team and sharing ideas/taking turns,Basketball
,"Level 3, Bishop: Opening, middle, and endgame theory; analysis of draws; tactics such as pins, forks and skewers.",Comparing theoretical and experimental probabilities of in-game outcomes.,Problem solving and basic troubleshooting,Storytelling with LEGO,"Teamwork fundamentals: delegating roles, taking turns, working cooperatively",Learning scientific principles through the Minecraft physics engine.,Using static electricity to levitate rings,Simple and compound interest rates,"Market research, product development and prototyping",How to appropriately call for help.,How to tell time using sundials and the sky.,Collaborative drawing projects,Construction paper mosaics,Comic panels and word bubbles,Experimenting with the unpredictability of watercolour,Embroidery techniques,Working from patterns,Storytelling and routine development,Using dance movements to tell a story,Using voice and sound within a performance,Making characters and telling a story,Using found footage,Working with image layers,Adding logic and repetition to create dynamic gameplay.,Dodgeball,Yoga freeze dance,Court awareness and decision-making,Game awareness and decision-making,Offensive strategies,Footwork and court awareness,Character education for personal development,Serving and receiving,"Basic balance poses (e.g., passé, arabesque)",Learning to read tablature,Learning to read tablature,Keeping in time using a metronome,Introduction to reading music,Make popcorn dance with simple chemistry,Advanced movements and special rules.,Composing construction paper mosaics,"Understanding people, places and things through the art of acting",Dodgeball
,"Level 4, Rook: Intermediate checkmate; deeper understanding of tactics and combinations; game analysis.",Expressing piece-movement as coordinates via chess notation.,"Basic tech know-how (using a web browser, using shortcut keys, etc.)",Creative group projects,Basic tech know-how such as connecting LEGO hubs via bluetooth,Project Artemis: building and launching virtual rocket ships.,Building gliders to illustrate the physics of flight,Setting financial goals,Social responsibility and sustainability,How to prepare quick and easy snacks at home.,How to navigate with a compass and map.,Drawing facial expressions,"Exploring negative space with ""tape art”",Story and character development,Blending techniques using chalk and pastel,Origami animals,Working with measurements,Sleight of hand and misdirection,Following choreography,Character development,Storyboarding a short film idea in 6 panels,Shooting video with a web cam,Designing pixel-art characters and emojis,"Tracking scores, lives, and other game data with variables.",Ultimate frisbee,"Adding yoga elements to a game, such as “what time is it Mr Wolf?”",Offensive and defensive strategies,Small-side game strategies,Defensive techniques and transitonal play,Rules and scoring,"Non-contact, game-based martial arts practice",Footwork fun,Introduction to handstand progressions,Introduction to chord charts,Introduction to chord charts,Breathing and phrasing techniques for song,Rhythm and technique exploration,Dissecting plants to identify parts,"Numeracy, piece-value and chess notation.","Exploring the potential of negative space with ""tape art""","Exploring, playing, and creating stories",Cooperative games
,"Level 5, Queen: Game analysis; advanced opening, middle, and endgame strategies.",Adding and subtracting fractions representing piece-value and piece-movement.,,,,,,Registered accounts like RESPs and RRSPs,Marketing and promotion,How to spot a scam and protect yourself.,How to build fires and shelters in the wild.,Sketching techniques,Collaborative drawing projects,3D drawing and one-point perspective,"Collaborative projects, such as the exquisite corpse",Hand sewing,"Finishing skills: Hidden knots, hemline stitching, embroidery, buttons.",Performance preparation,Improvising musical scenes,Improvisation and creativity,Designing and animating characters with modelling clay,Storytelling and plot,Photo manipulation,Animating game concepts using sprite properties.,European handball,Student-invented variations on poses,"Agility, footwork, and fitness training","Agility, speed and fitness",Teamwork and communication,Team play and communication,Bullying awareness discussions,Court awareness,"Jumps and landings (e.g.straight jump, tuck jump, and star jump)",Introduction to techniques such as pull-offs and finger picking,Introduction to techniques such as pull-offs and finger picking,Playing percussive melody with the xylophone,Ear training for enhanced musical perception,Learning about density through colourful water experiments,Coordinating pieces and tactics.,"Collaborative projects, such as the exquisite corpse","Showcasing their performances, where possible",Handball
,"Level 6, King: Deep dive into game analysis and review; advanced gameplay; and analysis of student games.",Assigning dollar value to pieces and calculating transactions of piece-captures and trades.,,,,,,“Net Worth Tournament” (continuous activity throughout the program),Presentation and pitching skills,How to navigate out of being lost.,"How to track animal prints, bird calls and read hiking markers.",Perspective drawing,Kindergarten crafts,Lettering styles,Collage and other mixed media arts,Kindergarten crafts,Pattern drafting,Cultural and historical appreciation,Rehearsing towards the ensemble performance,Rehearsal and ensemble blocking,Creating a group animation project,Script writing,Combining skills to make digital collages,Combining skills to create and share a unique video game.,Touch football,Art and storytelling activities,Advanced skills development,Advanced skill development,Game scenarios,Sportsmanship,Playful fitness activities for a well-rounded experience.,Playful fitness,"Sequences combining rolls, jumps, and poses",Playing progressively challenging songs,Playing progressively challenging songs,Practicing age-relevant songs,Exploring improvisation in a supportive environment,Exploring the power of magnets through 3D shapes and mazes,Chess etiquette and sportsmanship.,Finding spontaneity through rock-guided line drawings,Complimenting peers on their fantastic work,Ultimate frisbee
Equipment title,,All equipment provided.,,All equipment provided.,All equipment provided.,"All equipment is provided, including iPads and Minecraft Education user accounts.",,,,,All equipment provided.,All materials provided.,All materials provided.,All materials provided.,All materials provided.,,All materials provided.,,,,All materials provided.,,,Students need an email address if they wish to save their Scratch projects.,All equipment provided.,All equipment provided.,All equipment provided.,All equipment provided.,All equipment provided.,All equipment provided.,All equipment provided.,All equipment provided.,All equipment provided.,All equipment provided.,All equipment provided.,,,,,All materials provided.,,All equipment provided.
Equipment body,,,,,,,,,,,,,,,,,,,,,,,,No spercial software is required to access Scratch projects at home.,,,,,,,,,,,,,,,,,,
Lunch/after school clubs - title,Available as Lunch and After-School Programs.,,Available as Lunch and After-School Programs.,Available as Lunch and After-School Programs.,Available as Lunch and After-School Programs.,Available as Lunch and After-School Programs.,Available as Lunch and After-School Programs.,Available as Lunch and After-School Programs.,Available as Lunch and After-School Programs.,Available as Lunch and After-School Programs.,Available as Lunch and After-School Programs.,Available as Lunch and After-School Programs.,Available as Lunch and After-School Programs.,Available as Lunch and After-School Programs.,Available as Lunch and After-School Programs.,Available as Lunch and After-School Programs.,Available as Lunch and After-School Programs.,Available as Lunch and After-School Programs.,Available as Lunch and After-School Programs.,Available as Lunch and After-School Programs.,Available as Lunch and After-School Programs.,Available as Lunch and After-School Programs.,Available as Lunch and After-School Programs.,Available as Lunch and After-School Programs.,Available as Lunch and After-School Programs.,Available as Lunch and After-School Programs.,Available as Lunch and After-School Programs.,Available as Lunch and After-School Programs.,Available as Lunch and After-School Programs.,Available as Lunch and After-School Programs.,Available as Lunch and After-School Programs.,Available as Lunch and After-School Programs.,Available as Lunch and After-School Programs.,Available as Lunch and After-School Programs.,Available as Lunch and After-School Programs.,Available as Lunch and After-School Programs.,Available as Lunch and After-School Programs.,Available as Lunch and After-School Programs.,Available as Lunch and After-School Programs.,Available as Lunch and After-School Programs.,Available as Lunch and After-School Programs.,Available as Lunch and After-School Programs.
Clubs - body,"Our Clubs are run as extracurricular programming in schools across the Greater Toronto Area. With exciting subjects, engaging instructors, and hands-on activities, this program offers educational experiences beyond the school curriculum. Learn more>",,"Our Clubs are run as extracurricular programming in schools across the Greater Toronto Area. With exciting subjects, engaging instructors, and hands-on activities, this program offers educational experiences beyond the school curriculum. Learn more>","Our Clubs are run as extracurricular programming in schools across the Greater Toronto Area. With exciting subjects, engaging instructors, and hands-on activities, this program offers educational experiences beyond the school curriculum. Learn more>","Our Clubs are run as extracurricular programming in schools across the Greater Toronto Area. With exciting subjects, engaging instructors, and hands-on activities, this program offers educational experiences beyond the school curriculum. Learn more>","Our Clubs are run as extracurricular programming in schools across the Greater Toronto Area. With exciting subjects, engaging instructors, and hands-on activities, this program offers educational experiences beyond the school curriculum. Learn more>","Our Clubs are run as extracurricular programming in schools across the Greater Toronto Area. With exciting subjects, engaging instructors, and hands-on activities, this program offers educational experiences beyond the school curriculum. Learn more>","Our Clubs are run as extracurricular programming in schools across the Greater Toronto Area. With exciting subjects, engaging instructors, and hands-on activities, this program offers educational experiences beyond the school curriculum. Learn more>","Our Clubs are run as extracurricular programming in schools across the Greater Toronto Area. With exciting subjects, engaging instructors, and hands-on activities, this program offers educational experiences beyond the school curriculum. Learn more>","Our Clubs are run as extracurricular programming in schools across the Greater Toronto Area. With exciting subjects, engaging instructors, and hands-on activities, this program offers educational experiences beyond the school curriculum. Learn more>","Our Clubs are run as extracurricular programming in schools across the Greater Toronto Area. With exciting subjects, engaging instructors, and hands-on activities, this program offers educational experiences beyond the school curriculum. Learn more>","Our Clubs are run as extracurricular programming in schools across the Greater Toronto Area. With exciting subjects, engaging instructors, and hands-on activities, this program offers educational experiences beyond the school curriculum. Learn more>","Our Clubs are run as extracurricular programming in schools across the Greater Toronto Area. With exciting subjects, engaging instructors, and hands-on activities, this program offers educational experiences beyond the school curriculum. Learn more>","Our Clubs are run as extracurricular programming in schools across the Greater Toronto Area. With exciting subjects, engaging instructors, and hands-on activities, this program offers educational experiences beyond the school curriculum. Learn more>","Our Clubs are run as extracurricular programming in schools across the Greater Toronto Area. With exciting subjects, engaging instructors, and hands-on activities, this program offers educational experiences beyond the school curriculum. Learn more>","Our Clubs are run as extracurricular programming in schools across the Greater Toronto Area. With exciting subjects, engaging instructors, and hands-on activities, this program offers educational experiences beyond the school curriculum. Learn more>","Our Clubs are run as extracurricular programming in schools across the Greater Toronto Area. With exciting subjects, engaging instructors, and hands-on activities, this program offers educational experiences beyond the school curriculum. Learn more>","Our Clubs are run as extracurricular programming in schools across the Greater Toronto Area. With exciting subjects, engaging instructors, and hands-on activities, this program offers educational experiences beyond the school curriculum. Learn more>","Our Clubs are run as extracurricular programming in schools across the Greater Toronto Area. With exciting subjects, engaging instructors, and hands-on activities, this program offers educational experiences beyond the school curriculum. Learn more>","Our Clubs are run as extracurricular programming in schools across the Greater Toronto Area. With exciting subjects, engaging instructors, and hands-on activities, this program offers educational experiences beyond the school curriculum. Learn more>","Our Clubs are run as extracurricular programming in schools across the Greater Toronto Area. With exciting subjects, engaging instructors, and hands-on activities, this program offers educational experiences beyond the school curriculum. Learn more>","Our Clubs are run as extracurricular programming in schools across the Greater Toronto Area. With exciting subjects, engaging instructors, and hands-on activities, this program offers educational experiences beyond the school curriculum. Learn more>","Our Clubs are run as extracurricular programming in schools across the Greater Toronto Area. With exciting subjects, engaging instructors, and hands-on activities, this program offers educational experiences beyond the school curriculum. Learn more>","Our Clubs are run as extracurricular programming in schools across the Greater Toronto Area. With exciting subjects, engaging instructors, and hands-on activities, this program offers educational experiences beyond the school curriculum. Learn more>","Our Clubs are run as extracurricular programming in schools across the Greater Toronto Area. With exciting subjects, engaging instructors, and hands-on activities, this program offers educational experiences beyond the school curriculum. Learn more>","Our Clubs are run as extracurricular programming in schools across the Greater Toronto Area. With exciting subjects, engaging instructors, and hands-on activities, this program offers educational experiences beyond the school curriculum. Learn more>","Our Clubs are run as extracurricular programming in schools across the Greater Toronto Area. With exciting subjects, engaging instructors, and hands-on activities, this program offers educational experiences beyond the school curriculum. Learn more>","Our Clubs are run as extracurricular programming in schools across the Greater Toronto Area. With exciting subjects, engaging instructors, and hands-on activities, this program offers educational experiences beyond the school curriculum. Learn more>","Our Clubs are run as extracurricular programming in schools across the Greater Toronto Area. With exciting subjects, engaging instructors, and hands-on activities, this program offers educational experiences beyond the school curriculum. Learn more>","Our Clubs are run as extracurricular programming in schools across the Greater Toronto Area. With exciting subjects, engaging instructors, and hands-on activities, this program offers educational experiences beyond the school curriculum. Learn more>","Our Clubs are run as extracurricular programming in schools across the Greater Toronto Area. With exciting subjects, engaging instructors, and hands-on activities, this program offers educational experiences beyond the school curriculum. Learn more>","Our Clubs are run as extracurricular programming in schools across the Greater Toronto Area. With exciting subjects, engaging instructors, and hands-on activities, this program offers educational experiences beyond the school curriculum. Learn more>","Our Clubs are run as extracurricular programming in schools across the Greater Toronto Area. With exciting subjects, engaging instructors, and hands-on activities, this program offers educational experiences beyond the school curriculum. Learn more>","Our Clubs are run as extracurricular programming in schools across the Greater Toronto Area. With exciting subjects, engaging instructors, and hands-on activities, this program offers educational experiences beyond the school curriculum. Learn more>","Our Clubs are run as extracurricular programming in schools across the Greater Toronto Area. With exciting subjects, engaging instructors, and hands-on activities, this program offers educational experiences beyond the school curriculum. Learn more>","Our Clubs are run as extracurricular programming in schools across the Greater Toronto Area. With exciting subjects, engaging instructors, and hands-on activities, this program offers educational experiences beyond the school curriculum. Learn more>","Our Clubs are run as extracurricular programming in schools across the Greater Toronto Area. With exciting subjects, engaging instructors, and hands-on activities, this program offers educational experiences beyond the school curriculum. Learn more>","Our Clubs are run as extracurricular programming in schools across the Greater Toronto Area. With exciting subjects, engaging instructors, and hands-on activities, this program offers educational experiences beyond the school curriculum. Learn more>","Our Clubs are run as extracurricular programming in schools across the Greater Toronto Area. With exciting subjects, engaging instructors, and hands-on activities, this program offers educational experiences beyond the school curriculum. Learn more>","Our Clubs are run as extracurricular programming in schools across the Greater Toronto Area. With exciting subjects, engaging instructors, and hands-on activities, this program offers educational experiences beyond the school curriculum. Learn more>","Our Clubs are run as extracurricular programming in schools across the Greater Toronto Area. With exciting subjects, engaging instructors, and hands-on activities, this program offers educational experiences beyond the school curriculum. Learn more>","Our Clubs are run as extracurricular programming in schools across the Greater Toronto Area. With exciting subjects, engaging instructors, and hands-on activities, this program offers educational experiences beyond the school curriculum. Learn more>"
In-school enrichment - title,Available as In-Class Enrichment.,,Available as In-Class Enrichment.,Available as In-Class Enrichment.,Available as In-Class Enrichment.,Available as In-Class Enrichment.,Available as In-Class Enrichment.,Available as In-Class Enrichment.,Available as In-Class Enrichment.,Available as In-Class Enrichment.,Available as In-Class Enrichment.,Available as In-Class Enrichment.,Available as In-Class Enrichment.,Available as In-Class Enrichment.,Available as In-Class Enrichment.,Available as In-Class Enrichment.,Available as In-Class Enrichment.,Available as In-Class Enrichment.,Available as In-Class Enrichment.,Available as In-Class Enrichment.,Available as In-Class Enrichment.,Available as In-Class Enrichment.,Available as In-Class Enrichment.,Available as In-Class Enrichment.,Available as In-Class Enrichment.,Available as In-Class Enrichment.,Available as In-Class Enrichment.,Available as In-Class Enrichment.,Available as In-Class Enrichment.,Available as In-Class Enrichment.,Available as In-Class Enrichment.,Available as In-Class Enrichment.,Available as In-Class Enrichment.,Available as In-Class Enrichment.,Available as In-Class Enrichment.,Available as In-Class Enrichment.,Available as In-Class Enrichment.,Available as In-Class Enrichment.,Available as In-Class Enrichment.,Available as In-Class Enrichment.,Available as In-Class Enrichment.,Available as In-Class Enrichment.
In-school - body,"This program (delivered in-school, during class time) has been designed to supplement and extend Ontario school curriculum. Our experiential mode of instruction brings unique activities into any classroom, resulting in meaningful and memorable learning outcomes. Learn more> [link to In-Class Enrichment page]",,"This program (delivered in-school, during class time) has been designed to supplement and extend Ontario school curriculum. Our experiential mode of instruction brings unique activities into any classroom, resulting in meaningful and memorable learning outcomes. Learn more> [link to In-Class Enrichment page]","This program (delivered in-school, during class time) has been designed to supplement and extend Ontario school curriculum. Our experiential mode of instruction brings unique activities into any classroom, resulting in meaningful and memorable learning outcomes. Learn more> [link to In-Class Enrichment page]","This program (delivered in-school, during class time) has been designed to supplement and extend Ontario school curriculum. Our experiential mode of instruction brings unique activities into any classroom, resulting in meaningful and memorable learning outcomes. Learn more> [link to In-Class Enrichment page]","This program (delivered in-school, during class time) has been designed to supplement and extend Ontario school curriculum. Our experiential mode of instruction brings unique activities into any classroom, resulting in meaningful and memorable learning outcomes. Learn more> [link to In-Class Enrichment page]","This program (delivered in-school, during class time) has been designed to supplement and extend Ontario school curriculum. Our experiential mode of instruction brings unique activities into any classroom, resulting in meaningful and memorable learning outcomes. Learn more> [link to In-Class Enrichment page]","This program (delivered in-school, during class time) has been designed to supplement and extend Ontario school curriculum. Our experiential mode of instruction brings unique activities into any classroom, resulting in meaningful and memorable learning outcomes. Learn more> [link to In-Class Enrichment page]","This program (delivered in-school, during class time) has been designed to supplement and extend Ontario school curriculum. Our experiential mode of instruction brings unique activities into any classroom, resulting in meaningful and memorable learning outcomes. Learn more> [link to In-Class Enrichment page]","This program (delivered in-school, during class time) has been designed to supplement and extend Ontario school curriculum. Our experiential mode of instruction brings unique activities into any classroom, resulting in meaningful and memorable learning outcomes. Learn more> [link to In-Class Enrichment page]","This program (delivered in-school, during class time) has been designed to supplement and extend Ontario school curriculum. Our experiential mode of instruction brings unique activities into any classroom, resulting in meaningful and memorable learning outcomes. Learn more> [link to In-Class Enrichment page]","This program (delivered in-school, during class time) has been designed to supplement and extend Ontario school curriculum. Our experiential mode of instruction brings unique activities into any classroom, resulting in meaningful and memorable learning outcomes. Learn more> [link to In-Class Enrichment page]","This program (delivered in-school, during class time) has been designed to supplement and extend Ontario school curriculum. Our experiential mode of instruction brings unique activities into any classroom, resulting in meaningful and memorable learning outcomes. Learn more> [link to In-Class Enrichment page]","This program (delivered in-school, during class time) has been designed to supplement and extend Ontario school curriculum. Our experiential mode of instruction brings unique activities into any classroom, resulting in meaningful and memorable learning outcomes. Learn more> [link to In-Class Enrichment page]","This program (delivered in-school, during class time) has been designed to supplement and extend Ontario school curriculum. Our experiential mode of instruction brings unique activities into any classroom, resulting in meaningful and memorable learning outcomes. Learn more> [link to In-Class Enrichment page]","This program (delivered in-school, during class time) has been designed to supplement and extend Ontario school curriculum. Our experiential mode of instruction brings unique activities into any classroom, resulting in meaningful and memorable learning outcomes. Learn more> [link to In-Class Enrichment page]","This program (delivered in-school, during class time) has been designed to supplement and extend Ontario school curriculum. Our experiential mode of instruction brings unique activities into any classroom, resulting in meaningful and memorable learning outcomes. Learn more> [link to In-Class Enrichment page]","This program (delivered in-school, during class time) has been designed to supplement and extend Ontario school curriculum. Our experiential mode of instruction brings unique activities into any classroom, resulting in meaningful and memorable learning outcomes. Learn more> [link to In-Class Enrichment page]","This program (delivered in-school, during class time) has been designed to supplement and extend Ontario school curriculum. Our experiential mode of instruction brings unique activities into any classroom, resulting in meaningful and memorable learning outcomes. Learn more> [link to In-Class Enrichment page]","This program (delivered in-school, during class time) has been designed to supplement and extend Ontario school curriculum. Our experiential mode of instruction brings unique activities into any classroom, resulting in meaningful and memorable learning outcomes. Learn more> [link to In-Class Enrichment page]","This program (delivered in-school, during class time) has been designed to supplement and extend Ontario school curriculum. Our experiential mode of instruction brings unique activities into any classroom, resulting in meaningful and memorable learning outcomes. Learn more> [link to In-Class Enrichment page]","This program (delivered in-school, during class time) has been designed to supplement and extend Ontario school curriculum. Our experiential mode of instruction brings unique activities into any classroom, resulting in meaningful and memorable learning outcomes. Learn more> [link to In-Class Enrichment page]","This program (delivered in-school, during class time) has been designed to supplement and extend Ontario school curriculum. Our experiential mode of instruction brings unique activities into any classroom, resulting in meaningful and memorable learning outcomes. Learn more> [link to In-Class Enrichment page]","This program (delivered in-school, during class time) has been designed to supplement and extend Ontario school curriculum. Our experiential mode of instruction brings unique activities into any classroom, resulting in meaningful and memorable learning outcomes. Learn more> [link to In-Class Enrichment page]","This program (delivered in-school, during class time) has been designed to supplement and extend Ontario school curriculum. Our experiential mode of instruction brings unique activities into any classroom, resulting in meaningful and memorable learning outcomes. Learn more> [link to In-Class Enrichment page]","This program (delivered in-school, during class time) has been designed to supplement and extend Ontario school curriculum. Our experiential mode of instruction brings unique activities into any classroom, resulting in meaningful and memorable learning outcomes. Learn more> [link to In-Class Enrichment page]","This program (delivered in-school, during class time) has been designed to supplement and extend Ontario school curriculum. Our experiential mode of instruction brings unique activities into any classroom, resulting in meaningful and memorable learning outcomes. Learn more> [link to In-Class Enrichment page]","This program (delivered in-school, during class time) has been designed to supplement and extend Ontario school curriculum. Our experiential mode of instruction brings unique activities into any classroom, resulting in meaningful and memorable learning outcomes. Learn more> [link to In-Class Enrichment page]","This program (delivered in-school, during class time) has been designed to supplement and extend Ontario school curriculum. Our experiential mode of instruction brings unique activities into any classroom, resulting in meaningful and memorable learning outcomes. Learn more> [link to In-Class Enrichment page]","This program (delivered in-school, during class time) has been designed to supplement and extend Ontario school curriculum. Our experiential mode of instruction brings unique activities into any classroom, resulting in meaningful and memorable learning outcomes. Learn more> [link to In-Class Enrichment page]","This program (delivered in-school, during class time) has been designed to supplement and extend Ontario school curriculum. Our experiential mode of instruction brings unique activities into any classroom, resulting in meaningful and memorable learning outcomes. Learn more> [link to In-Class Enrichment page]","This program (delivered in-school, during class time) has been designed to supplement and extend Ontario school curriculum. Our experiential mode of instruction brings unique activities into any classroom, resulting in meaningful and memorable learning outcomes. Learn more> [link to In-Class Enrichment page]","This program (delivered in-school, during class time) has been designed to supplement and extend Ontario school curriculum. Our experiential mode of instruction brings unique activities into any classroom, resulting in meaningful and memorable learning outcomes. Learn more> [link to In-Class Enrichment page]","This program (delivered in-school, during class time) has been designed to supplement and extend Ontario school curriculum. Our experiential mode of instruction brings unique activities into any classroom, resulting in meaningful and memorable learning outcomes. Learn more> [link to In-Class Enrichment page]","This program (delivered in-school, during class time) has been designed to supplement and extend Ontario school curriculum. Our experiential mode of instruction brings unique activities into any classroom, resulting in meaningful and memorable learning outcomes. Learn more> [link to In-Class Enrichment page]","This program (delivered in-school, during class time) has been designed to supplement and extend Ontario school curriculum. Our experiential mode of instruction brings unique activities into any classroom, resulting in meaningful and memorable learning outcomes. Learn more> [link to In-Class Enrichment page]","This program (delivered in-school, during class time) has been designed to supplement and extend Ontario school curriculum. Our experiential mode of instruction brings unique activities into any classroom, resulting in meaningful and memorable learning outcomes. Learn more> [link to In-Class Enrichment page]","This program (delivered in-school, during class time) has been designed to supplement and extend Ontario school curriculum. Our experiential mode of instruction brings unique activities into any classroom, resulting in meaningful and memorable learning outcomes. Learn more> [link to In-Class Enrichment page]","This program (delivered in-school, during class time) has been designed to supplement and extend Ontario school curriculum. Our experiential mode of instruction brings unique activities into any classroom, resulting in meaningful and memorable learning outcomes. Learn more> [link to In-Class Enrichment page]","This program (delivered in-school, during class time) has been designed to supplement and extend Ontario school curriculum. Our experiential mode of instruction brings unique activities into any classroom, resulting in meaningful and memorable learning outcomes. Learn more> [link to In-Class Enrichment page]","This program (delivered in-school, during class time) has been designed to supplement and extend Ontario school curriculum. Our experiential mode of instruction brings unique activities into any classroom, resulting in meaningful and memorable learning outcomes. Learn more> [link to In-Class Enrichment page]","This program (delivered in-school, during class time) has been designed to supplement and extend Ontario school curriculum. Our experiential mode of instruction brings unique activities into any classroom, resulting in meaningful and memorable learning outcomes. Learn more> [link to In-Class Enrichment page]"
,Flexible program delivery.,,Flexible program delivery.,Flexible program delivery.,Flexible program delivery.,Flexible program delivery.,Flexible program delivery.,Flexible program delivery.,Flexible program delivery.,Flexible program delivery.,Flexible program delivery.,Flexible program delivery.,Flexible program delivery.,Flexible program delivery.,Flexible program delivery.,Flexible program delivery.,Flexible program delivery.,Flexible program delivery.,Flexible program delivery.,Flexible program delivery.,Flexible program delivery.,Flexible program delivery.,Flexible program delivery.,Flexible program delivery.,Flexible program delivery.,Flexible program delivery.,Flexible program delivery.,Flexible program delivery.,Flexible program delivery.,Flexible program delivery.,Flexible program delivery.,Flexible program delivery.,Flexible program delivery.,Flexible program delivery.,Flexible program delivery.,Flexible program delivery.,Flexible program delivery.,,Flexible program delivery.,Flexible program delivery.,Flexible program delivery.,Flexible program delivery.
,"Our Lunch and Afterschool Clubs are typically run as three to eight-week programs, but we also offer one-off presentations, including half-day or full-day activities.",,"Our Lunch and Afterschool Clubs are typically run as three to eight-week programs, but we also offer one-off presentations, including half-day or full-day activities.","Our Lunch and Afterschool Clubs are typically run as three to eight-week programs, but we also offer one-off presentations, including half-day or full-day activities.","Our Lunch and Afterschool Clubs are typically run as three to eight-week programs, but we also offer one-off presentations, including half-day or full-day activities.","Our Lunch and Afterschool Clubs are typically run as three to eight-week programs, but we also offer one-off presentations, including half-day or full-day activities.","Our Lunch and Afterschool Clubs are typically run as three to eight-week programs, but we also offer one-off presentations, including half-day or full-day activities.","Our Lunch and Afterschool Clubs are typically run as three to eight-week programs, but we also offer one-off presentations, including half-day or full-day activities.","Our Lunch and Afterschool Clubs are typically run as three to eight-week programs, but we also offer one-off presentations, including half-day or full-day activities.","Our Lunch and Afterschool Clubs are typically run as three to eight-week programs, but we also offer one-off presentations, including half-day or full-day activities.","Our Lunch and Afterschool Clubs are typically run as three to eight-week programs, but we also offer one-off presentations, including half-day or full-day activities.","Our Lunch and Afterschool Clubs are typically run as three to eight-week programs, but we also offer one-off presentations, including half-day or full-day activities.","Our Lunch and Afterschool Clubs are typically run as three to eight-week programs, but we also offer one-off presentations, including half-day or full-day activities.","Our Lunch and Afterschool Clubs are typically run as three to eight-week programs, but we also offer one-off presentations, including half-day or full-day activities.","Our Lunch and Afterschool Clubs are typically run as three to eight-week programs, but we also offer one-off presentations, including half-day or full-day activities.","Our Lunch and Afterschool Clubs are typically run as three to eight-week programs, but we also offer one-off presentations, including half-day or full-day activities.","Our Lunch and Afterschool Clubs are typically run as three to eight-week programs, but we also offer one-off presentations, including half-day or full-day activities.","Our Lunch and Afterschool Clubs are typically run as three to eight-week programs, but we also offer one-off presentations, including half-day or full-day activities.","Our Lunch and Afterschool Clubs are typically run as three to eight-week programs, but we also offer one-off presentations, including half-day or full-day activities.","Our Lunch and Afterschool Clubs are typically run as three to eight-week programs, but we also offer one-off presentations, including half-day or full-day activities.","Our Lunch and Afterschool Clubs are typically run as three to eight-week programs, but we also offer one-off presentations, including half-day or full-day activities.","Our Lunch and Afterschool Clubs are typically run as three to eight-week programs, but we also offer one-off presentations, including half-day or full-day activities.","Our Lunch and Afterschool Clubs are typically run as three to eight-week programs, but we also offer one-off presentations, including half-day or full-day activities.","Our Lunch and Afterschool Clubs are typically run as three to eight-week programs, but we also offer one-off presentations, including half-day or full-day activities.","Our Lunch and Afterschool Clubs are typically run as three to eight-week programs, but we also offer one-off presentations, including half-day or full-day activities.","Our Lunch and Afterschool Clubs are typically run as three to eight-week programs, but we also offer one-off presentations, including half-day or full-day activities.","Our Lunch and Afterschool Clubs are typically run as three to eight-week programs, but we also offer one-off presentations, including half-day or full-day activities.","Our Lunch and Afterschool Clubs are typically run as three to eight-week programs, but we also offer one-off presentations, including half-day or full-day activities.","Our Lunch and Afterschool Clubs are typically run as three to eight-week programs, but we also offer one-off presentations, including half-day or full-day activities.","Our Lunch and Afterschool Clubs are typically run as three to eight-week programs, but we also offer one-off presentations, including half-day or full-day activities.","Our Lunch and Afterschool Clubs are typically run as three to eight-week programs, but we also offer one-off presentations, including half-day or full-day activities.","Our Lunch and Afterschool Clubs are typically run as three to eight-week programs, but we also offer one-off presentations, including half-day or full-day activities.","Our Lunch and Afterschool Clubs are typically run as three to eight-week programs, but we also offer one-off presentations, including half-day or full-day activities.","Our Lunch and Afterschool Clubs are typically run as three to eight-week programs, but we also offer one-off presentations, including half-day or full-day activities.","Our Lunch and Afterschool Clubs are typically run as three to eight-week programs, but we also offer one-off presentations, including half-day or full-day activities.","Our Lunch and Afterschool Clubs are typically run as three to eight-week programs, but we also offer one-off presentations, including half-day or full-day activities.","Our Lunch and Afterschool Clubs are typically run as three to eight-week programs, but we also offer one-off presentations, including half-day or full-day activities.",,"Our Lunch and Afterschool Clubs are typically run as three to eight-week programs, but we also offer one-off presentations, including half-day or full-day activities.","Our Lunch and Afterschool Clubs are typically run as three to eight-week programs, but we also offer one-off presentations, including half-day or full-day activities.","Our Lunch and Afterschool Clubs are typically run as three to eight-week programs, but we also offer one-off presentations, including half-day or full-day activities.","Our Lunch and Afterschool Clubs are typically run as three to eight-week programs, but we also offer one-off presentations, including half-day or full-day activities."
,"Our In-Class Enrichment programs are tailored to suit the particular needs of any given classroom and school budget and can be presented as half-day, full-day, multiple-day, or weekly activities.",,"Our In-Class Enrichment programs are tailored to suit the particular needs of any given classroom and school budget and can be presented as half-day, full-day, multiple-day, or weekly activities.","Our In-Class Enrichment programs are tailored to suit the particular needs of any given classroom and school budget and can be presented as half-day, full-day, multiple-day, or weekly activities.","Our In-Class Enrichment programs are tailored to suit the particular needs of any given classroom and school budget and can be presented as half-day, full-day, multiple-day, or weekly activities.","Our In-Class Enrichment programs are tailored to suit the particular needs of any given classroom and school budget and can be presented as half-day, full-day, multiple-day, or weekly activities.","Our In-Class Enrichment programs are tailored to suit the particular needs of any given classroom and school budget and can be presented as half-day, full-day, multiple-day, or weekly activities.","Our In-Class Enrichment programs are tailored to suit the particular needs of any given classroom and school budget and can be presented as half-day, full-day, multiple-day, or weekly activities.","Our In-Class Enrichment programs are tailored to suit the particular needs of any given classroom and school budget and can be presented as half-day, full-day, multiple-day, or weekly activities.","Our In-Class Enrichment programs are tailored to suit the particular needs of any given classroom and school budget and can be presented as half-day, full-day, multiple-day, or weekly activities.","Our In-Class Enrichment programs are tailored to suit the particular needs of any given classroom and school budget and can be presented as half-day, full-day, multiple-day, or weekly activities.","Our In-Class Enrichment programs are tailored to suit the particular needs of any given classroom and school budget and can be presented as half-day, full-day, multiple-day, or weekly activities.","Our In-Class Enrichment programs are tailored to suit the particular needs of any given classroom and school budget and can be presented as half-day, full-day, multiple-day, or weekly activities.","Our In-Class Enrichment programs are tailored to suit the particular needs of any given classroom and school budget and can be presented as half-day, full-day, multiple-day, or weekly activities.","Our In-Class Enrichment programs are tailored to suit the particular needs of any given classroom and school budget and can be presented as half-day, full-day, multiple-day, or weekly activities.","Our In-Class Enrichment programs are tailored to suit the particular needs of any given classroom and school budget and can be presented as half-day, full-day, multiple-day, or weekly activities.","Our In-Class Enrichment programs are tailored to suit the particular needs of any given classroom and school budget and can be presented as half-day, full-day, multiple-day, or weekly activities.","Our In-Class Enrichment programs are tailored to suit the particular needs of any given classroom and school budget and can be presented as half-day, full-day, multiple-day, or weekly activities.","Our In-Class Enrichment programs are tailored to suit the particular needs of any given classroom and school budget and can be presented as half-day, full-day, multiple-day, or weekly activities.","Our In-Class Enrichment programs are tailored to suit the particular needs of any given classroom and school budget and can be presented as half-day, full-day, multiple-day, or weekly activities.","Our In-Class Enrichment programs are tailored to suit the particular needs of any given classroom and school budget and can be presented as half-day, full-day, multiple-day, or weekly activities.","Our In-Class Enrichment programs are tailored to suit the particular needs of any given classroom and school budget and can be presented as half-day, full-day, multiple-day, or weekly activities.","Our In-Class Enrichment programs are tailored to suit the particular needs of any given classroom and school budget and can be presented as half-day, full-day, multiple-day, or weekly activities.","Our In-Class Enrichment programs are tailored to suit the particular needs of any given classroom and school budget and can be presented as half-day, full-day, multiple-day, or weekly activities.","Our In-Class Enrichment programs are tailored to suit the particular needs of any given classroom and school budget and can be presented as half-day, full-day, multiple-day, or weekly activities.","Our In-Class Enrichment programs are tailored to suit the particular needs of any given classroom and school budget and can be presented as half-day, full-day, multiple-day, or weekly activities.","Our In-Class Enrichment programs are tailored to suit the particular needs of any given classroom and school budget and can be presented as half-day, full-day, multiple-day, or weekly activities.","Our In-Class Enrichment programs are tailored to suit the particular needs of any given classroom and school budget and can be presented as half-day, full-day, multiple-day, or weekly activities.","Our In-Class Enrichment programs are tailored to suit the particular needs of any given classroom and school budget and can be presented as half-day, full-day, multiple-day, or weekly activities.","Our In-Class Enrichment programs are tailored to suit the particular needs of any given classroom and school budget and can be presented as half-day, full-day, multiple-day, or weekly activities.","Our In-Class Enrichment programs are tailored to suit the particular needs of any given classroom and school budget and can be presented as half-day, full-day, multiple-day, or weekly activities.","Our In-Class Enrichment programs are tailored to suit the particular needs of any given classroom and school budget and can be presented as half-day, full-day, multiple-day, or weekly activities.","Our In-Class Enrichment programs are tailored to suit the particular needs of any given classroom and school budget and can be presented as half-day, full-day, multiple-day, or weekly activities.","Our In-Class Enrichment programs are tailored to suit the particular needs of any given classroom and school budget and can be presented as half-day, full-day, multiple-day, or weekly activities.","Our In-Class Enrichment programs are tailored to suit the particular needs of any given classroom and school budget and can be presented as half-day, full-day, multiple-day, or weekly activities.","Our In-Class Enrichment programs are tailored to suit the particular needs of any given classroom and school budget and can be presented as half-day, full-day, multiple-day, or weekly activities.","Our In-Class Enrichment programs are tailored to suit the particular needs of any given classroom and school budget and can be presented as half-day, full-day, multiple-day, or weekly activities.",,"Our In-Class Enrichment programs are tailored to suit the particular needs of any given classroom and school budget and can be presented as half-day, full-day, multiple-day, or weekly activities.","Our In-Class Enrichment programs are tailored to suit the particular needs of any given classroom and school budget and can be presented as half-day, full-day, multiple-day, or weekly activities.","Our In-Class Enrichment programs are tailored to suit the particular needs of any given classroom and school budget and can be presented as half-day, full-day, multiple-day, or weekly activities.","Our In-Class Enrichment programs are tailored to suit the particular needs of any given classroom and school budget and can be presented as half-day, full-day, multiple-day, or weekly activities."
Community events - title,,,,,,,,,,,,,,,,,,,,,,,,,,,,,,,,,,,,,,,,,,
Performance note- title,,,,,,,,,,,,,,,,,,,Final performance video will be distributed ONLY to participant families.,Final performance video will be distributed ONLY to participant families.,,,,,,,,,,,,,,,,,,,,,,
Ages/levels - title,Junior kindergarten to grade 8.,Grade 1 to grade 8.,Grade 1 to grade 8.,Junior kindergarten to grade 8.,Junior kindergarten to grade 8.,Grade 1 to grade 5.,Junior kindergarten to grade 5.,Grade 4 to grade 6,Grade 1 to grade 8.,Grades 3 and up.,Grade 1 to grade 8.,Junior kindergarten to grade 8.,Junior kindergarten to grade 8.,Grade 1 to grade 8.,Junior kindergarten to grade 8.,Junior kindergarten to grade 8.,Grade 1 to grade 8.,Grade 1 to grade 8.,Junior kindergarten to grade 8.,Junior kindergarten to grade 12.,Grade 3 to grade 8.,Grade 1 to grade 8.,Grade 1 to grade 8.,Grades 4 to 6.,Junior kindergarten to grade 8.,Junior kindergarten to grade 8.,Junior kindergarten to grade 8.,Junior kindergarten to grade 8.,Junior kindergarten to grade 8.,Junior kindergarten to grade 8.,Junior kindergarten to grade 6.,Junior kindergarten to grade 8.,Junior kindergarten to grade 8.,Grade 1 to grade 8.,Junior kindergarten to grade 8.,Junior and senior kindergarten.,Junior kindergarten to grade 8.,Junior and senior kindergarten.,Junior and senior kindergarten.,Junior and senior kindergarten.,Junior and senior kindergarten.,Junior and senior kindergarten.
Language - title,Available in English and French.,Available in English and French.,Available in English and French.,Available in English and French.,Available in English and French.,Available in English and French.,Available in English and French.,Available in English and French.,Available in English and French.,Available in English and French.,Available in English and French.,Available in English and French.,Available in English and French.,Available in English and French.,Available in English and French.,Available in English and French.,Available in English and French.,Available in English and French.,Available in English and French.,Available in English and French.,Available in English and French.,Available in English and French.,Available in English and French.,Available in English and French.,Available in English and French.,Available in English and French.,Available in English and French.,Available in English and French.,Available in English and French.,Available in English and French.,Available in English and French.,Available in English and French.,Available in English and French.,Available in English and French.,Available in English and French.,Available in English and French.,Available in English and French.,Available in English and French.,Available in English and French.,Available in English and French.,Available in English and French.,Available in English and French.
,,,,,,,,,,,,,,,,,,,,,,,,,,,,,,,,,,,,,,,,,,
Othe Pages,,,,,,,,,,,,,,,,,,,,,,,,,,,,,,,,,,,,,,,,,,
,/programs/,/in-class-enrichment-program/ ,/tbsb-partnership-programs/,/lunch-and-after-school-clubs/,/kindergarten-programs/,/birthdays-and-special-events/,/camps-extraed-unleashing-summer-adventures/,,,,,,,,,,,,,,,,,,,,,,,,,,,,,,,,,,,
Main Title,OUR PROGRAMS,In-Class Enrichment Program.,TDSB Partnership Programs.,Lunch and After-School Clubs.,Kindergarten Programming.,Extra Ed for Birthdays and Special Events.,Extra Ed for Camps or Childcare Centres.,,,,,,,,,,,,,,,,,,,,,,,,,,,,,,,,,,,
Body 1,"Extra Ed provides a variety of programs to schools, organizations and communities across southern Ontario. These programs are delivered by a team of dedicated instructors from curriculum developed by educators and subject experts.","This program is for schools looking to bring exciting, supplemental learning into their classrooms. Delivered on-site, our program provides the staff, materials and administrative support to integrate seamlessly into the school day. Programs are delivered during classroom time.","As a participant in the TDSB’s Educational Programming Partnerships, Extra Ed is pleased to offer two programs which have been developed specifically to supplement and extend Ontario school curriculum. Our programs have been vetted and approved by TDSB to be delivered in-class, during instructional time.","Our clubs program provides fun and rewarding extracurricular activities to schools across the Greater Toronto Area. As an approved vendor to multiple school boards, our clubs are easy to implement, delivered on-site, and fully staffed. We work directly with parent councils and schools to find just the right programs for each school’s extracurricular needs.","With programs that serve a broad range of age and developmental levels, we are always mindful to address the needs of our younger participants. Accordingly, we have tailored several of our most popular subjects to kindergarten-specific programs.","Our programming extends well beyond the classroom. As active participants in our communities we are pleased to offer our workshops and activities to events, parties and more.","Looking to enhance your camp activities or diversify your daycare experience? Extra Ed is the solution. As a leading educational provider in the Greater Toronto Area, we offer over 30 unique programs in STEM, music, arts, performance, and athletics. Our instructors come to you, working on-site to provide an enriching supplement to your organization's existing programming.",,,,,,,,,,,,,,,,,,,,,,,,,,,,,,,,,,,
Body 2,We are an approved vendor to multiple school boards and an Educational Partner with the Toronto District School Board (TDSB).,,,,,,,,,,,,,,,,,,,,,,,,,,,,,,,,,,,,,,,,,
Title,Lunch and After-School Clubs.,Enhance the curriculum.,Financial Literacy.,Curriculum approach.,Activity and exploration.,Birthday parties.,For camps.,,,,,,,,,,,,,,,,,,,,,,,,,,,,,,,,,,,
Body,"This in-school extracurricular program runs for students in kindergarten to grade 8. Available in our complete range of subjects, it provides students with unique educational experiences beyond their school curriculum. Learn more>","With curriculum developed by subject experts and OCT educators, we give students experiences designed to enhance and supplement in-class teaching. We aim to provide innovative activities in the classroom, fostering understanding of topics in unique and fulfilling ways.","Exploring the concepts of currency, savings, debt, and investment, students of all ages are shown fun and interesting ways to learn about money. We empower young people to take charge of their financial lives through engaging and easy-to-understand lessons, exciting tournaments, and team-based activities which leave lasting and practical impressions. Learn more>","We operate school clubs for children of all ages. For each club we are careful to tailor its curriculum appropriate to its diversity of skills, ages and interests. Viewed as supplemental to in-class learning, we aim for our clubs to provide educational and social opportunities that lie beyond normal school-day activities.","Our kindergarten programming is designed to bring special experiences into our participants’ days. Our instructors create environments for social interaction and play. Our activities, create and engaging, promote learning, discovery and, above all, fun.","Looking to add some magic to a birthday party? We can help—quite literally. Magic[link], robotics[link], sports[link to multi-sport], arts[link] activities, and any other of our specialized subjects are available to be delivered on-site at your party. Adapted specifically to your special day by our engaging instructors, we have something for celebrants of any age.","Add some extra fun for your campers this year: Extra Ed’s exciting programming is available to camps on PA days, during the March break, and over summer vacation. With programs focused on learning, playing, creating, performing and more, we can bring the perfect compliment to your existing program. Let’s work together to build some meaningful memories for your campers.",,,,,,,,,,,,,,,,,,,,,,,,,,,,,,,,,,,
Title,Kindergarten Clubs.,Applied learning.,Chess for STEM and SEL/ÉCHECS pour STIM et AS.,Hands-on fun.,Kindergarten curriculum.,Community events.,For childcare centres.,,,,,,,,,,,,,,,,,,,,,,,,,,,,,,,,,,,
Body,Several of our Lunch and After-School Clubs have kindergarten-specific iterations which are tailored to serve the particular educational and developmental needs of younger students. Learn more>,"We present hands-on activities that teach concepts in meaningful and memorable ways. For instance, our students may learn to use a coding language so they can program simple games; analyze chess movements to explore their underlying mathematical concepts and hierarchies; or participate in financial decision-making tournaments to comprehend the long-term impact of their fiscal choices.","This program is designed to teach students crucial mathematical and scientific skills as they play and analyze the game of chess. We build towards specific outcomes from the Mathematics and Science & Technology curricula such as patterning, spatial reasoning, problem solving, and probability—all while exploring elements of social-emotional learning through chess play. Learn more>","We apply an experiential learning philosophy to the development of our curriculum. Across our broad range of subjects such as magic[link], chess club[link], art[link], drama[link], robotics[link] and more, our activities are designed to be memorable and meaningful, helping children develop life skills and foster interests they will carry with them for years.","The curriculum of our Kindergarten Clubs and In-Class Enrichment programs is appropriate to the age and developmental requirements of our kindergarten participants. The activities are designed to foster a variety of manual, cognitive and social early-life skills.","Extra Ed is a mainstay of community events programming. From street parties to school fairs we have a number of activities that can add some fun to the day. With outdoor tents and canopies in tow we’re ready, rain or shine, to provide on-site activities such as magic, sports and games, communal art projects, and yes, even comically-oversized chess boards.","Extra Ed provides an effortless and economical way to provide new experiences at your centre. Designed for wide range of ages, the activities for childcare centres are led by instructors who are dynamic, thoughtful and patient. These programs can be tailored from our numerous offerings to provide just the right weekly, daily, or one-off activity to enrich your current curriculum. Our programs run before and after school, as well as any time during school breaks.",,,,,,,,,,,,,,,,,,,,,,,,,,,,,,,,,,,
Title,In-Class Enrichment.,Flexible delivery options.,Contact us for more information:,Economic inclusivity.,Contact us for more information:,Corporate events.,Contact us for more information:,,,,,,,,,,,,,,,,,,,,,,,,,,,,,,,,,,,
Body,"This program brings Extra Ed into the classroom to provide educational opportunities designed to supplement school curriculum. Our experiential learning approach brings added dimension to any subject, providing memorable learning outcomes. Learn more>","Available for classes from kindergarten to grade 8, we make our In-Class Enrichment programs flexible in delivery. We tailor them to suit the particular needs of any given classroom and budget, and can present each as half-day, full-day, multiple-day, or weekly activities.",Please reach Bliss at (416) 402 1433 or bliss@extraed.ca,"We are committed to the principle that no student be excluded from our programs due to financial constraint. Because Lunch and After-School Clubs are participant-paid, we are proud to offer our clubs with the option for families to pay less than the asking price (or even nothing at all) with no questions asked.",Please reach Bliss at (416) 402 1433 or bliss@extraed.ca,"Our special event programming is not just for kids. With several subjects that lend themselves very well to team-building workshops, we also provide activities to corporate events. We have great activities such as magic lessons, improv, and art projects that allow teams to work together and build bonds beyond the confines of the office.",Please reach Bliss at (416) 402 1433 or bliss@extraed.ca,,,,,,,,,,,,,,,,,,,,,,,,,,,,,,,,,,,
Title,TDSB Partnership Programs.,Contact us for more information:,Enhancing the curriculum.,Contact us for more information:,Programs available.,Contact us for more information:,Programs subjects.,,,,,,,,,,,,,,,,,,,,,,,,,,,,,,,,,,,
Body,"Extra Ed is proud to be a TDSB Educational Partner. We deliver two curriculum-based programs, in-class during instructional time: Financial Literacy and Chess for STEM/SEL. Learn more>",Please reach us at (416) 953 1955 or info@extraed.ca,"Guided by specific outcomes across the curriculum streams, we provide unique and innovative activities in the classroom which are designed to promote the understanding of curriculum topics in meaningful and memorable ways.",Please reach Bliss at (416) 402 1433 or bliss@extraed.ca,"- Kindergarten Arts & Crafts [link]
- Kindergarten Chess [link]
- Kindergarten Drama [link]
- Kindergarten Music [link]",Please reach Bliss at (416) 402 1433 or bliss@extraed.ca,"Extra Ed has no shortage of exciting programming: from chess club to musical theatre, from LEGO to magic, we are sure to find just the right complement to your camp or childcare centre. Operating programs for children of all ages, we adapt our content to a broad diversity of skills, ages and interests. For information on all our specific offerings please visit any of our individual subject pages.",,,,,,,,,,,,,,,,,,,,,,,,,,,,,,,,,,,
Title,Programs for camps and childcare centres.,Program subjects.,Instructors.,Programs.,Instructors.,Instructors.,Instructors.,,,,,,,,,,,,,,,,,,,,,,,,,,,,,,,,,,,
Body,"Delivered on-site and tailored to each organization’s specific needs, this offering is designed to provide delightful and rewarding experiences that complement existing camp or childcare programming. Learn more>","In-Class Enrichment is available in all the subjects we instruct. Dependent on grade level, we tailor each subject to a diversity of skills, interests and learning outcomes. Popular choices of programs include financial literacy[link], chess[link], coding[link], short video creation[link], robotics[link], mixed media[link] and comic book art[link]. For information on specific subjects please browse our individual subject pages.","Extra Ed’s programs are led by a wonderful team of experienced and certified instructors and assistants. Our team includes educators, musicians, chess masters, artists, and more—each of whom brings knowledge, expertise, and great enthusiasm for working with children of all ages.","Extra Ed has no shortage of exciting programming: from robotics[link] to musical theatre[link], from LEGO[link] to magic[link], we are sure to find just the right fit for any school. We operate programs for children of all ages, tailoring our content to a broad diversity of skills, ages and interests. For information on all our specific offerings please visit any of our individual subject pages.","Extra Ed’s kindergarten programs are led by experienced, thoughtful instructors and assistants. Our team includes educators, musicians, chess masters, artists, and more—all of whom offer caring tutelage to our youngest participants while fostering safe and nurturing environments.","Extra Ed’s programs are led by a wonderful group of experienced and certified instructors and assistants. Our team includes educators, musicians, chess masters, artists and more each of whom brings knowledge, experience and great enthusiasm.","Extra Ed’s programs are led by a wonderful team of experienced and certified instructors and assistants. Our team includes educators, musicians, chess masters, artists, and more— each of whom brings knowledge, expertise, and great enthusiasm for working with children of all ages.",,,,,,,,,,,,,,,,,,,,,,,,,,,,,,,,,,,
Title,Private and small group tutoring.,Instructors.,Administration.,Instructors.,Safety and care.,Equipment and Supplies.,Administration.,,,,,,,,,,,,,,,,,,,,,,,,,,,,,,,,,,,
Body,"With one-on-one, small group, online, and private-venue delivery, we provide a variety of tutoring options both as educational support and to further development of special interests. Learn more>","Extra Ed’s programs are led by a wonderful team of experienced and certified instructors and assistants. Our team includes educators, musicians, chess masters, artists, and more—each of whom brings knowledge, expertise and great enthusiasm for working with students of all ages.","We make it easy. All Extra Ed programs are straightforward to implement and low-maintenance to operate. Working directly with teachers and school admin, we create programs that fit their needs and schedule—with minimal administrative requirements.","Extra Ed’s programs are lead by a wonderful team of experienced and certified instructors and assistants. Our team includes educators, musicians, chess masters, artists, and more—each of whom brings knowledge, expertise, and great enthusiasm for working with children of all ages.","Our clubs are staffed by experienced instructors, assistants and floaters. They follow policies to ensure our students are always happy, safe, well-attended to, and accounted for. Our team coordinates with school administration to ensure smooth transitions between class, clubs and dismissals—in strict adherence with school policies.","We always provide all necessary equIpment and supplies for our events—be they chess sets, arts and crafts materials, acoustic guitars, LEGO robotics, or anything else we need to craft a great experience.",As a full-service provider we make administration easy. All Extra Ed programs are straightforward to implement and low-maintenance to operate. We take care of all the necessities—so you don’t have to.,,,,,,,,,,,,,,,,,,,,,,,,,,,,,,,,,,,
Title,Birthdays and special events.,Administration.,Equipment and Supplies.,Safety and care.,Administration.,,Equipment and Supplies.,,,,,,,,,,,,,,,,,,,,,,,,,,,,,,,,,,,
Body,"With entertaining (and portable) activities such as magic[link], art[link], chess[link] and robotics[link], Extra Ed can add a memorable touch to any birthday party, community event, or corporate team-building exercise. Learn more>","We make it easy. All Extra Ed programs are straightforward to implement and low-maintenance to operate. Working directly with teachers and school admin, we create programs that fit their needs and schedule—with minimal administrative requirements.",We provide everything necessary to run our TDSB Partnership Programs.,"Our school clubs are staffed by experienced instructors, assistants and floaters. They follow policies to ensure our students are always happy, safe, well-attended to, and accounted for. Our team coordinates with school administration to ensure smooth transitions between class, clubs and dismissals—in strict adherence with school policies.",As a full-service provider we make administration easy. All Extra Ed programs are straightforward to implement and low-maintenance to operate. We take care of all the necessities—so you don’t have to.,,"We always provide all necessary equipment and supplies for our programs—be they chess sets, drawing and painting materials, acoustic guitars, LEGO robotics, or anything else we need to craft a great experience.",,,,,,,,,,,,,,,,,,,,,,,,,,,,,,,,,,,
Title,,,,Administration.,Equipment and Supplies.,,,,,,,,,,,,,,,,,,,,,,,,,,,,,,,,,,,,,
Body,,,,As a full-service provider we make administration easy. All Extra Ed programs are straightforward to implement and low-maintenance to operate. We take care of all the necessities—so you don’t have to.,"We always provide all necessary equipment and supplies for these programs—be they chess sets, craft materials, musical instruments, LEGO sets, or anything else we need to craft a great experience.",,,,,,,,,,,,,,,,,,,,,,,,,,,,,,,,,,,,,
,/donate/,,,,,,,,,,,,,,,,,,,,,,,,,,,,,,,,,,,,,,,,,
,Donate.,,,,,,,,,,,,,,,,,,,,,,,,,,,,,,,,,,,,,,,,,
Main Title,"Intrinsic to our values at Extra Ed is the conviction that all children should be given opportunities for inclusion, education, and growth—regardless of a family’s economic situation.",,,,,,,,,,,,,,,,,,,,,,,,,,,,,,,,,,,,,,,,,
Body,"Extra Ed supports this conviction both through its economic inclusivity [link] policies and with the help of its own charitable entity, the Jacques Katz Fund. This fund has made it possible for our community of donors to join us in providing students and families access to educational programming when these opportunities would be otherwise out-of-reach.",,,,,,,,,,,,,,,,,,,,,,,,,,,,,,,,,,,,,,,,,
Body,Tax receipts are available for all donations.,,,,,,,,,,,,,,,,,,,,,,,,,,,,,,,,,,,,,,,,,
Subtitle,How donations to Extra Ed’s Jacques Katz Fund are used:,,,,,,,,,,,,,,,,,,,,,,,,,,,,,,,,,,,,,,,,,
Subtitle,1. We fund In-Class Enrichment programming for schools that have limited extracurricular budgets.,,,,,,,,,,,,,,,,,,,,,,,,,,,,,,,,,,,,,,,,,
Body,2. We fund Lunch and After School Clubs where the contributions of participant families fall far short of making these programs feasible.,,,,,,,,,,,,,,,,,,,,,,,,,,,,,,,,,,,,,,,,,
Body,Funding for In-Class Enrichment programs.,,,,,,,,,,,,,,,,,,,,,,,,,,,,,,,,,,,,,,,,,
Title,"We do all we can to provide flexible program fees for schools whose dwindling budgets are stretched too thin. All too often, there are occasions when a school’s budget for any programming is nearly non-existent. In these situations the Jacques Katz Fund can step in to cover most, if not all, of the program costs to ensure those schools get the same access to programs enjoyed by those in better financial positions.
",,,,,,,,,,,,,,,,,,,,,,,,,,,,,,,,,,,,,,,,,
Body,"Unfortunately, there are occasions when a school’s budget for extracurricular programming is nearly non-existent. In these situations the Jacques Katz Fund can step in to cover most, if not all, of the program costs to ensure those schools get the same access to programs enjoyed by those in better financial circumstances.",,,,,,,,,,,,,,,,,,,,,,,,,,,,,,,,,,,,,,,,,
Body,"Since the launch of our fund your contributions have supported over 100 in-class programs; over 500 classes and sessions; and served more than 2,000 kids.",,,,,,,,,,,,,,,,,,,,,,,,,,,,,,,,,,,,,,,,,
Body,Funding for Lunch and After-School Clubs.,,,,,,,,,,,,,,,,,,,,,,,,,,,,,,,,,,,,,,,,,
Title,"When registering for any of our clubs, parents have the option to pay less than the asking price—or even nothing at all—with no questions asked. Over the past two years alone, we have proudly subsidized fees for over 8,000 kids!",,,,,,,,,,,,,,,,,,,,,,,,,,,,,,,,,,,,,,,,,
Body,"However, there are occasions when the economic constraints within a school or community require such large fee subsidies that we cannot feasibly support their programs. In these cases we are faced with that hard decision not to run these programs at all.",,,,,,,,,,,,,,,,,,,,,,,,,,,,,,,,,,,,,,,,,
Title,"Fortunately, the Jacques Katz Fund has given us the ability to supplement Lunch and After-School clubs in select schools where they would otherwise be untenable–bringing entire programs back from the brink of cancellation.",,,,,,,,,,,,,,,,,,,,,,,,,,,,,,,,,,,,,,,,,
Body,"To date, our fund has successfully supported over 40 Lunch and After-School programs that we would not have otherwise been able to, allowing over 500 students to enjoy our coding [link], chess [link], magic [link], art [link] and science [link] clubs. Our goal this year is to double these numbers.",,,,,,,,,,,,,,,,,,,,,,,,,,,,,,,,,,,,,,,,,
Body,How your donations are spent.,,,,,,,,,,,,,,,,,,,,,,,,,,,,,,,,,,,,,,,,,
Title,"For every dollar you donate, here is how the funds are allocated:",,,,,,,,,,,,,,,,,,,,,,,,,,,,,,,,,,,,,,,,,
Body,"Please note that the 25% allocated to materials, admin, and permits does not always cover these expenses. However, in order to stretch donated funds as far as they can go Extra Ed absorbs any and all excess costs when they occur.",,,,,,,,,,,,,,,,,,,,,,,,,,,,,,,,,,,,,,,,,
Body,Please give to the Jacques Katz Fund today.,,,,,,,,,,,,,,,,,,,,,,,,,,,,,,,,,,,,,,,,,
Title,"Join us in providing enriching educational and social experiences for children who would otherwise not have access to these types of programs, while also giving a boost to parents struggling to access child care and other opportunities for their kids. Everyone wins!",,,,,,,,,,,,,,,,,,,,,,,,,,,,,,,,,,,,,,,,,
Body,"If you wish to earmark your donations to go to a particular school or community, please let us know.",,,,,,,,,,,,,,,,,,,,,,,,,,,,,,,,,,,,,,,,,
Body,416-953-1955,,,,,,,,,,,,,,,,,,,,,,,,,,,,,,,,,,,,,,,,,
Body,donate@extraed.ca [mailto: link],,,,,,,,,,,,,,,,,,,,,,,,,,,,,,,,,,,,,,,,,
Body,Tax receipts are available for all donations.,,,,,,,,,,,,,,,,,,,,,,,,,,,,,,,,,,,,,,,,,
Subtitle,History of the Jacques Katz Fund.,,,,,,,,,,,,,,,,,,,,,,,,,,,,,,,,,,,,,,,,,
Title,"Established in 2018, the Fund was set up in honour of Jacques Katz, an exceptional educator who made important early contributions to Extra Ed. He was also a caring husband, father, and a standout member of his community.",,,,,,,,,,,,,,,,,,,,,,,,,,,,,,,,,,,,,,,,,
Body,"Jacques passed away in 2017 after a long fight with multiple myeloma. The following year, we established the Jacques Katz Memorial Scholarship Fund in large part to honour Jacques’s strong belief that every child should be given the opportunity to succeed, regardless of economic circumstances.",,,,,,,,,,,,,,,,,,,,,,,,,,,,,,,,,,,,,,,,,
Body,"To date, the Jacques Katz Memorial Scholarship Fund has supported thousands of students and families, giving them access to educational programming that would otherwise have been out of reach financially. Results that Jacques would be proud of.",,,,,,,,,,,,,,,,,,,,,,,,,,,,,,,,,,,,,,,,,
Body,"Your donations ensure that we extend our radius to include children and families who would benefit greatly from the learning, social engagement, and sense of purpose that our courses inspire and that otherwise would not have been available to them.",,,,,,,,,,,,,,,,,,,,,,,,,,,,,,,,,,,,,,,,,
Body,Letter from our founder about Jacques.,,,,,,,,,,,,,,,,,,,,,,,,,,,,,,,,,,,,,,,,,
Title,"I first met Jacques around 2010.  He was a teacher then, at Queen Victoria Public School (since re-named Dr Rita Cox-Kina Minagok Public School) and he needed some support for the chess team he was coaching.",,,,,,,,,,,,,,,,,,,,,,,,,,,,,,,,,,,,,,,,,
Sponsor and partner:,"There were a couple of minor issues.  First, he had a miniscule budget; and second, he wasn’t a very good chess player.  In fact, many of the kids he was “coaching” were far better than he was.  Jacques was well aware that he wasn’t much more than a staff sponsor, but that didn’t stop him.  He saw that these kids were passionate about the game, and he was determined to give them every opportunity to play and develop.",,,,,,,,,,,,,,,,,,,,,,,,,,,,,,,,,,,,,,,,,
Body,"I wasn’t able to support him with much more than a few tutorials and some coaching tips, but he gratefully accepted it and took that team to the TDSB’s inter-school chess tournament anyway.  They performed well – better than many schools that had considerably more funding.  Moreover, his efforts sparked a wider interest in chess at the school, which eventually led to Jacques attracting outside organizations to deliver fully-funded, in-class programs for all the kids in the lower grades.",,,,,,,,,,,,,,,,,,,,,,,,,,,,,,,,,,,,,,,,,
Body,"Over the next few years, Jacques and I remained casual acquaintances.  I ran into him from time to time at the TDSB Tournaments, or at the Annex Chess Club, which I helped found.  He joined in hopes of improving his game, and started playing there regularly.  He would ask me for the odd game, but I was either too busy helping run the club, or, more often, I would brush him off and tell him that I thought he played too slowly for my taste, and that we were at different levels.",,,,,,,,,,,,,,,,,,,,,,,,,,,,,,,,,,,,,,,,,
Body,"If I’m perfectly honest, I found Jacques to be a bit quirky in those first few years.  Maybe a bit too cerebral.  Jacques had multiple advanced degrees in highly theoretical subjects, and a bit of a “mad scientist” way about him.  But over time, I grew to appreciate that quirkiness and many of those qualities, and we became friends who got together for the odd drink, sharing experiences in education, in chess, and in life.  When I got married in January of 2014, we had become close enough that I invited him and his wife Ophira to our wedding.",,,,,,,,,,,,,,,,,,,,,,,,,,,,,,,,,,,,,,,,,
Body,"Around the time that I started Extra Ed in 2015, Jacques shared some terrible news with me.  He had been diagnosed with multiple myeloma, a rare form of cancer.  Even the most optimistic diagnoses were dim.  He didn’t have much time left to live.",,,,,,,,,,,,,,,,,,,,,,,,,,,,,,,,,,,,,,,,,
Body,"He was obviously shocked, and heartbroken.  And scared.  Jacques had a really great life set up for himself, and everything in the world to look forward to.  He was happily married, and had a wonderful son named Jonah that he adored.  He was close with his parents, particularly his mother Yvonne, and was also close with his brother Oren and his sister Maggie and all of their wonderful children.  He had a wide network of friends and connections through his many interests.  And he loved his job teaching.",,,,,,,,,,,,,,,,,,,,,,,,,,,,,,,,,,,,,,,,,
Body,"As his treatments weakened his immune system more and more, he wasn’t able to continue in the classroom, either as a teacher or even as a volunteer.  This really devastated him.  But rather than sit in solitude and feel sorry for himself, he approached me and asked if he could help with my financial literacy curriculum.",,,,,,,,,,,,,,,,,,,,,,,,,,,,,,,,,,,,,,,,,
Body,"For some context, when I started Extra Ed, it was as an organization teaching financial literacy in elementary schools.  Although today financial literacy has become part of the Ontario curriculum, back then, there was very little of it taught, especially at the elementary school level.  I had a vision of making a subject like financial literacy interesting and fun for kids, and had created a curriculum that was very well received by students, parents, and educators at the handful of schools I was running in.  Although I didn’t think I needed much help, I welcomed Jacques with open arms.  And when he got involved, I quickly came to realize how incredibly gifted he was.  He put that mad scientist brain of his to work and helped turn what I had created into something with much more polish – the kind of polish that eventually got Extra Ed approved as a TDSB Educational Partner.",,,,,,,,,,,,,,,,,,,,,,,,,,,,,,,,,,,,,,,,,
Body,"Working with Jacques was a real gift.  I learned a lot from him – including how much I needed to learn.  During that window of time – from around the spring of 2016 until the spring of 2017 – we spoke almost every day.  Not just about the work we were doing together, but about financial literacy, and about what was most important in life, something he really had an enlightened perspective on.  Even though this was a time that saw his health decline, we still carried on with our work and our conversations, laughing often, as if there wasn’t this giant stop sign ahead.  That was a really magical time for me, and I feel like Jacques helped me grow a lot.  I also believe that this experience helped keep Jacques’s spirits up as his health continued on its decline.",,,,,,,,,,,,,,,,,,,,,,,,,,,,,,,,,,,,,,,,,
Body,"Jacques and I spoke many times about how we felt that every kid should get an opportunity to be educated and to pursue their interests, regardless of a family’s economic circumstances.  Jacques also believed that it was up to those who had more to contribute more, and when he was strong enough, he lived by those ideals – just ask the kids he worked with and taught.",,,,,,,,,,,,,,,,,,,,,,,,,,,,,,,,,,,,,,,,,
Body,"Soon after he died in 2017, I proudly established the scholarship fund for Extra Ed in his name.  One of the easiest choices I have ever made.",,,,,,,,,,,,,,,,,,,,,,,,,,,,,,,,,,,,,,,,,
Body,Yakos Spiliotopoulos,,,,,,,,,,,,,,,,,,,,,,,,,,,,,,,,,,,,,,,,,
Body,,,,,,,,,,,,,,,,,,,,,,,,,,,,,,,,,,,,,,,,,,
,,,,,,,,,,,,,,,,,,,,,,,,,,,,,,,,,,,,,,,,,,
,/economic-inclusivity/,,,,,,,,,,,,,,,,,,,,,,,,,,,,,,,,,,,,,,,,,
Main Title,Economic inclusivity.,,,,,,,,,,,,,,,,,,,,,,,,,,,,,,,,,,,,,,,,,
Body,"We are committed to the principle that no student’s economic circumstances should exclude them from our programs. Since our inception, we have prioritized inclusion over profit, focusing on nurturing our students' potential rather than maximizing our financial gain.",,,,,,,,,,,,,,,,,,,,,,,,,,,,,,,,,,,,,,,,,
Body,"We proudly give parents the option to pay less than the asking price, or even nothing, for our programs, and still have their children participate. Our hope is to instill a sense of belonging in our students while giving relief to those in our community facing economic challenges (such as those on parental leave and newcomers to Canada).",,,,,,,,,,,,,,,,,,,,,,,,,,,,,,,,,,,,,,,,,
Body,"Over 12,500 registrants have used this option over the years, a number we believe will grow.",,,,,,,,,,,,,,,,,,,,,,,,,,,,,,,,,,,,,,,,,
Body,"We acknowledge that no system is perfect. This policy has had an impact on our bottom line, and the increased use of this payment option (particularly since COVID lockdowns lifted) has meant our program operating costs have risen.",,,,,,,,,,,,,,,,,,,,,,,,,,,,,,,,,,,,,,,,,
Body,"Despite this, we believe in this policy. It represents one of our core values [link: about us], and has earned us some recognition in the press [link: in the news]. It has also caught the attention of CIBC Private Wealth [link: https://www.cibc.com/en/private-wealth/about-us.html], who stepped up to support us in the spring of 2025.",,,,,,,,,,,,,,,,,,,,,,,,,,,,,,,,,,,,,,,,,
Title,"With this policy, we’ve been able to:",,,,,,,,,,,,,,,,,,,,,,,,,,,,,,,,,,,,,,,,,
Body,✅ Support families that can’t afford to pay full price for our programs.,,,,,,,,,,,,,,,,,,,,,,,,,,,,,,,,,,,,,,,,,
Body,✅ Contribute more to our Tree Program [link: sustainability] by planting a tree with every registration.,,,,,,,,,,,,,,,,,,,,,,,,,,,,,,,,,,,,,,,,,
Body,✅ Providing a living wage for our passionate instructors and administrative team.,,,,,,,,,,,,,,,,,,,,,,,,,,,,,,,,,,,,,,,,,
Body,"✅ Provide a more vibrant, diverse experience for our program’s students.",,,,,,,,,,,,,,,,,,,,,,,,,,,,,,,,,,,,,,,,,
Body,"We want to keep this momentum of goodwill and generosity going. Our message to parents, whether they pay the full price, pay a portion, or pay nothing at all, is simply thank you—for believing in our team, our programs, and our kids!",,,,,,,,,,,,,,,,,,,,,,,,,,,,,,,,,,,,,,,,,
Title,Highlights.,,,,,,,,,,,,,,,,,,,,,,,,,,,,,,,,,,,,,,,,,
Body,"As of 2026, students from 95% of our participant schools have utilized the option of paying less than the full price of our programs.",,,,,,,,,,,,,,,,,,,,,,,,,,,,,,,,,,,,,,,,,
Body,"During the past three years alone, over 12,000 participants have paid less than our asking price, bringing program costs within their economic means. During that same timeframe over 2,200 participants have paid nothing at all—participants who most certainly would not have been able to take part in our programs otherwise.",,,,,,,,,,,,,,,,,,,,,,,,,,,,,,,,,,,,,,,,,
Body,In recent years the number of families requiring support has been sharply on the rise. Enrolments at a subsidized rate have climbed from 24% in 2022 to 36% in 2026.,,,,,,,,,,,,,,,,,,,,,,,,,,,,,,,,,,,,,,,,,
Title,What Else Has This Pay Policy Made Possible?,,,,,,,,,,,,,,,,,,,,,,,,,,,,,,,,,,,,,,,,,
Title,Subsidized In-Class Enrichment programs.,,,,,,,,,,,,,,,,,,,,,,,,,,,,,,,,,,,,,,,,,
Body,"Unlike our clubs, our in-class programming is paid for out of school budgets. While this provides financial relief for individual participants, there are institutions whose budgets don’t allow for extracurricular programming.",,,,,,,,,,,,,,,,,,,,,,,,,,,,,,,,,,,,,,,,,
Body,"To help students in these schools get their fair share of extra education, we’ve reduced our rates. To date, we have subsidized over $125,000 in programming in 47 different institutions, enabling more than 5,700 students to enjoy our programming.",,,,,,,,,,,,,,,,,,,,,,,,,,,,,,,,,,,,,,,,,
Body,"In the past year alone we were able to subsidize over 16% of our programs fees, targeting schools that required discounts to run our programs. As a result, over 1,200 students were able to take part in some of our most popular programs, like chess[link], financial literacy[link], and robotics[link].",,,,,,,,,,,,,,,,,,,,,,,,,,,,,,,,,,,,,,,,,
Body,You can pay more!,,,,,,,,,,,,,,,,,,,,,,,,,,,,,,,,,,,,,,,,,
Body,"In 2023, we received feedback from parents wanting to help: is there an option to pay more? 
",,,,,,,,,,,,,,,,,,,,,,,,,,,,,,,,,,,,,,,,,
Body,"In response, we introduced a “pay more” option* for registrants to pay above our typical asking price. To extend programming to as many families as possible, 100% of these funds  are allocated to participants in schools where programs are in jeopardy of not running. To date, hundreds of children have been included in programs that would not have run otherwise as a result.",,,,,,,,,,,,,,,,,,,,,,,,,,,,,,,,,,,,,,,,,
Body,"*Please note that tax receipts are not available for these “pay more” contributions. If you require tax receipts please contribute through Extra Ed’s own charitable entity, which does provide them. Visit our donate [link] page to learn more about this fund.",,,,,,,,,,,,,,,,,,,,,,,,,,,,,,,,,,,,,,,,,
,,,,,,,,,,,,,,,,,,,,,,,,,,,,,,,,,,,,,,,,,,
,/about-us/,,,,,,,,,,,,,,,,,,,,,,,,,,,,,,,,,,,,,,,,,
Main Title,About us.,,,,,,,,,,,,,,,,,,,,,,,,,,,,,,,,,,,,,,,,,
Body,"Extra Ed is a social enterprise which provides a variety of programs to schools, organizations and communities across the Greater Toronto Area. These programs are delivered by a team of dedicated instructors from curriculum developed by educators and subject experts.",,,,,,,,,,,,,,,,,,,,,,,,,,,,,,,,,,,,,,,,,
Body,"With a focus on providing high-quality, impactful programs, we offer a diverse range of extracurricular and in-class activities that teach essential life skills in meaningful and memorable ways.",,,,,,,,,,,,,,,,,,,,,,,,,,,,,,,,,,,,,,,,,
Body,We are an approved vendor to multiple school boards and an Educational Partner of the Toronto District School Board (TDSB) [link to ‘TDSB partnership programs’ page].,,,,,,,,,,,,,,,,,,,,,,,,,,,,,,,,,,,,,,,,,
Section Title,OUR VALUES,,,,,,,,,,,,,,,,,,,,,,,,,,,,,,,,,,,,,,,,,
Blurb 1 Title,We extend education beyond the classroom.,,,,,,,,,,,,,,,,,,,,,,,,,,,,,,,,,,,,,,,,,
Blurb 1,"We know that learning doesn’t stop when the bell rings. In fact, we believe that the hours outside of the classroom hold the potential to be just as vital to the development of young minds and bodies—and that’s where we come in. With programs designed to compliment a curriculum-based education we specialize in delivering educational experiences that foster growth and lifelong love of learning.",,,,,,,,,,,,,,,,,,,,,,,,,,,,,,,,,,,,,,,,,
Blurb 2 Title,We teach mastery of life skills.,,,,,,,,,,,,,,,,,,,,,,,,,,,,,,,,,,,,,,,,,
Blurb 2,"There’s a lot to learn out there. Our programs feature the arts, financial literacy, athletics, chess, performance, STEM, and much more—all subjects designed to enrich a young person’s experience and help them build the essential life skills to grow into fully-rounded, confident individuals.",,,,,,,,,,,,,,,,,,,,,,,,,,,,,,,,,,,,,,,,,
Blurb 3 Title,We embrace community and inclusivity.,,,,,,,,,,,,,,,,,,,,,,,,,,,,,,,,,,,,,,,,,
Blurb 3 Title,"We see it as our responsibility to reflect the values of each community we serve with an inclusive and welcoming mindset. Our staff of instructors is just as diverse and varied as our participants, and we delight in contributing to community events to connect with the populations we work alongside. All of which is to say: at Extra Ed, everyone is welcome.",,,,,,,,,,,,,,,,,,,,,,,,,,,,,,,,,,,,,,,,,
Blurb 4 Title,We protect the environment.,,,,,,,,,,,,,,,,,,,,,,,,,,,,,,,,,,,,,,,,,
Blurb 4 Title,"From the outset, Extra Ed has been dedicated to the protection and restoration of our environment. We play an active role in teaching sustainable practices, engaging in park restoration, and, most notably, planting trees for each individual enrolment in our programs. For more further information on our initiatives please visit our sustainability page. [link to sustainability]",,,,,,,,,,,,,,,,,,,,,,,,,,,,,,,,,,,,,,,,,
Blurb 5 Title,We have fun.,,,,,,,,,,,,,,,,,,,,,,,,,,,,,,,,,,,,,,,,,
Blurb 5 Title,"It sounds simple, but doing what we do with a sense of fun is important to us. Be it in a relaxing LEGO club at the end of a tiring school day or in an in-class financial literacy lesson about a complicated subject like investment savings, approaching what we do with that sense of fun makes our programming compelling, our lessons memorable, and adds something extra to our participants’ days.",,,,,,,,,,,,,,,,,,,,,,,,,,,,,,,,,,,,,,,,,
Title,Economic inclusivity.,,,,,,,,,,,,,,,,,,,,,,,,,,,,,,,,,,,,,,,,,
Body,"We are committed to the principle that no student be excluded from our programs due to their family’s economic circumstances. As an organization, we have prioritized inclusion over profit, as we believe that every child deserves an equal opportunity for extra education.",,,,,,,,,,,,,,,,,,,,,,,,,,,,,,,,,,,,,,,,,
Body,For families to whom program costs are a burden we are proud to offer our club registration with the option to pay less than the asking price (or even nothing at all) with no questions asked.,,,,,,,,,,,,,,,,,,,,,,,,,,,,,,,,,,,,,,,,,
,"To date, we have proudly subsidized fees for over 10,000 participants in our programs, extending their opportunities for inclusion, education and fun.  Learn more> [link to Economic inclusivity page]",,,,,,,,,,,,,,,,,,,,,,,,,,,,,,,,,,,,,,,,,
Title,Working together with Extra Ed.,,,,,,,,,,,,,,,,,,,,,,,,,,,,,,,,,,,,,,,,,
Body,"Schools are busy, we get that. As approved service providers to multiple Ontario school boards, we not only maintain a high standard of thoughtful and rewarding course delivery, but we make it an utmost priority to place no undue administrative requirements on our school partners while we operate programs in their facilities.",,,,,,,,,,,,,,,,,,,,,,,,,,,,,,,,,,,,,,,,,
Body,"Our goal is simplicity. That means: programs which are straightforward to implement and low-maintenance to operate; clear, organized, and timely communication; and listening carefully to teachers and school administration, as we craft programs that fit their specific needs and schedules. From staff to supplies to attendance to parent communication, we take care of everything.",,,,,,,,,,,,,,,,,,,,,,,,,,,,,,,,,,,,,,,,,
Title,Our history.,,,,,,,,,,,,,,,,,,,,,,,,,,,,,,,,,,,,,,,,,
Heading (blue),2015,,,,,,,,,,,,,,,,,,,,,,,,,,,,,,,,,,,,,,,,,
Body,"Prior to founding Extra Ed, Yakos Spiliotopoulos was eagerly preparing to be a new father. Looking ahead to his child's education, he noticed that there was a lack of financial learning available to young people. This was a problem he knew he could tackle, and so, after the arrival of his son he took it upon himself to create a school-aged financial literacy program and thus, Extra Ed was also born.",,,,,,,,,,,,,,,,,,,,,,,,,,,,,,,,,,,,,,,,,
Heading (blue),2017,,,,,,,,,,,,,,,,,,,,,,,,,,,,,,,,,,,,,,,,,
Body,"In short order Yakos brought this program to several elementary, middle, and high schools in the Greater Toronto Area (GTA). Working closely with a number of private schools in Toronto, Extra Ed developed several new courses. Chess clubs and new in-class financial programs were also introduced–to a very positive response.",,,,,,,,,,,,,,,,,,,,,,,,,,,,,,,,,,,,,,,,,
Heading (blue),2018,,,,,,,,,,,,,,,,,,,,,,,,,,,,,,,,,,,,,,,,,
Body,Extra Ed took another leap forward when they became an official TDSB Educational Partner. Now able to deliver financial literacy programs as in-class enrichment across board schools—and continuing to expand their extracurricular programs—Extra Ed’s team of instructors grew to over 20 dedicated subject experts and educators.,,,,,,,,,,,,,,,,,,,,,,,,,,,,,,,,,,,,,,,,,
Heading (blue),2019,,,,,,,,,,,,,,,,,,,,,,,,,,,,,,,,,,,,,,,,,
Body,"Branching out, once again, Extra Ed introduced new programs to their extracurricular catalogue, among them our now-perennial favourites Robotics and LEGO. This paved the way for the broad range of fun and engaging subjects which make up our diverse slate of offerings to this day.",,,,,,,,,,,,,,,,,,,,,,,,,,,,,,,,,,,,,,,,,
Heading (blue),2020 to 2022.,,,,,,,,,,,,,,,,,,,,,,,,,,,,,,,,,,,,,,,,,
Body,"Come 2020 Extra Ed was thriving but, of course, the global pandemic was soon to throw everything into disarray. When schools were shuttered and in-person learning was on hold indefinitely, Extra Ed had to completely rethink their programs and face the challenge of delivering them on a virtual platform. Despite a hiccough or two along the way, that challenge was met successfully. Not only were the existing programs adapted effectively for online delivery but several new programs—including those for individuals and small groups— were added to Extra Ed's offerings.",,,,,,,,,,,,,,,,,,,,,,,,,,,,,,,,,,,,,,,,,
Heading (blue),2022 to present.,,,,,,,,,,,,,,,,,,,,,,,,,,,,,,,,,,,,,,,,,
Body,"Emerging from the COVID pandemic as a leader in extracurricular programming, Extra Ed currently has over 40 programs available to schools and childcare centres. And now you can also find us working with community and cultural centres, with government-sponsored organizations, with corporate partners, and in other private settings.",,,,,,,,,,,,,,,,,,,,,,,,,,,,,,,,,,,,,,,,,
,"Our roster has grown to over 100 educators and administrative personnel. We continue to create new programs, develop new curriculum, and bring the Extra Ed experience to a greater number of students in the GTA and Southern Ontario.",,,,,,,,,,,,,,,,,,,,,,,,,,,,,,,,,,,,,,,,,